Order_ID,Date,Product,Category,Region,Salesperson,Quantity,Unit_Price,Revenue,Cost,Profit
1001,2025-11-24,Phone,Electronics,South,Ahmed,1,524.16,524.16,341.07,183.09
1002,2025-12-13,Desk,Furniture,North,Ayesha,2,223.98,447.96,285.95,162.01
1003,2025-04-30,Desk,Furniture,West,Ayesha,10,199.17,1991.7,1454.83,536.87
1004,2025-08-18,Headphones,Accessories,South,Fatima,5,84.95,424.75,213.9,210.85
1005,2025-06-24,Keyboard,Accessories,North,Ahmed,3,37.72,113.16,61.58,51.58
1006,2025-07-14,Phone,Electronics,North,Hassan,6,534.75,3208.5,2121.78,1086.72
1007,2025-10-02,Phone,Electronics,East,Ayesha,7,457.88,3205.16,2399.33,805.83
1008,2025-12-27,Phone,Electronics,North,Ayesha,1,516.13,516.13,359.56,156.57
1009,2025-02-21,Printer,Office,South,Usman,5,178.32,891.6,671.72,219.88
1010,2025-07-01,Monitor,Electronics,North,Sara,5,260.09,1300.45,916.52,383.93
1011,2025-10-01,Monitor,Electronics,South,Usman,3,248.11,744.33,527.58,216.75
1012,2025-01-29,Monitor,Electronics,North,Ayesha,1,265.25,265.25,178.22,87.03
1013,2025-10-18,Mouse,Accessories,West,Sara,4,25.78,103.12,47.5,55.62
1014,2025-05-16,Tablet,Electronics,West,Fatima,4,314.7,1258.8,883.43,375.37
1015,2025-07-05,Monitor,Electronics,North,Ahmed,3,250.48,751.44,517.91,233.53
1016,2025-03-20,Tablet,Electronics,West,Bilal,7,305.78,2140.46,1522.25,618.21
1017,2025-10-11,Laptop,Electronics,East,Usman,2,829.07,1658.14,1204.44,453.7
1018,2025-02-27,Keyboard,Accessories,East,Sara,7,37.27,260.89,133.05,127.84
1019,2025-09-17,Phone,Electronics,South,Sara,5,534.17,2670.85,1751.34,919.51
1020,2025-07-11,Tablet,Electronics,North,Usman,9,327.21,2944.89,2063.64,881.25
1021,2025-09-08,Laptop,Electronics,East,Ayesha,2,868.66,1737.32,1245.45,491.87
1022,2025-01-30,Monitor,Electronics,West,Ahmed,10,272.35,2723.5,1725.42,998.08
1023,2025-09-30,Tablet,Electronics,South,Bilal,3,309.59,928.77,689.49,239.28
1024,2025-09-28,Headphones,Accessories,South,Bilal,7,87.43,612.01,328.51,283.5
1025,2025-07-24,Mouse,Accessories,South,Ayesha,8,27,216,95.53,120.47
1026,2025-02-02,Mouse,Accessories,South,Ali,1,25.44,25.44,11.68,13.76
1027,2025-02-06,Laptop,Electronics,East,Ahmed,4,730.78,2923.12,2287.54,635.58
1028,2025-09-21,Monitor,Electronics,South,Hassan,5,258.45,1292.25,874.28,417.97
1029,2025-05-05,Chair,Furniture,West,Usman,7,140.71,984.97,671.79,313.18
1030,2025-08-05,Printer,Office,North,Ali,8,193.1,1544.8,993.63,551.17
1031,2025-07-26,Mouse,Accessories,West,Sara,2,23.74,47.48,23.26,24.22
1032,2025-08-05,Tablet,Electronics,North,Hassan,5,297.76,1488.8,1141.19,347.61
1033,2025-10-09,Phone,Electronics,North,Ahmed,1,515.21,515.21,351.42,163.79
1034,2025-05-02,Tablet,Electronics,West,Ali,7,299.14,2093.98,1495.92,598.06
1035,2025-03-26,Printer,Office,West,Bilal,1,197.47,197.47,126.95,70.52
1036,2025-08-05,Desk,Furniture,North,Ali,8,204.81,1638.48,1175.6,462.88
1037,2025-06-10,Laptop,Electronics,South,Ali,1,813.47,813.47,600.17,213.3
1038,2025-09-18,Phone,Electronics,South,Fatima,3,456.85,1370.55,1004.64,365.91
1039,2025-03-03,Headphones,Accessories,North,Fatima,4,81.26,325.04,171.72,153.32
1040,2025-12-03,Headphones,Accessories,South,Usman,10,80.36,803.6,469.56,334.04
1041,2025-05-03,Keyboard,Accessories,West,Usman,7,37.05,259.35,142.04,117.31
1042,2025-02-07,Laptop,Electronics,North,Ahmed,8,819.39,6555.12,4830.24,1724.88
1043,2025-10-03,Monitor,Electronics,North,Ayesha,9,238.26,2144.34,1690.19,454.15
1044,2025-07-09,Keyboard,Accessories,East,Ali,3,39.51,118.53,60.26,58.27
1045,2025-12-08,Desk,Furniture,South,Bilal,5,239,1195,720.27,474.73
1046,2025-03-01,Phone,Electronics,South,Usman,9,465.54,4189.86,3081.25,1108.61
1047,2025-04-15,Keyboard,Accessories,North,Ahmed,9,39.91,359.19,187.3,171.89
1048,2025-11-21,Printer,Office,South,Bilal,5,163.59,817.95,639.18,178.77
1049,2025-03-24,Chair,Furniture,North,Ahmed,9,156.17,1405.53,905.48,500.05
1050,2025-12-20,Tablet,Electronics,South,Fatima,9,272.16,2449.44,1954.1,495.34
1051,2025-03-07,Laptop,Electronics,North,Usman,5,778.34,3891.7,3129.93,761.77
1052,2025-04-18,Monitor,Electronics,West,Sara,2,242.68,485.36,362.16,123.2
1053,2025-05-02,Tablet,Electronics,East,Fatima,3,322.88,968.64,628.64,340
1054,2025-12-09,Monitor,Electronics,West,Ali,5,232.96,1164.8,918.12,246.68
1055,2025-08-29,Monitor,Electronics,East,Ayesha,4,265.83,1063.32,717.14,346.18
1056,2025-04-25,Laptop,Electronics,North,Bilal,4,783.75,3135,2346.86,788.14
1057,2025-06-29,Desk,Furniture,East,Ali,7,227.9,1595.3,1086.08,509.22
1058,2025-03-01,Keyboard,Accessories,North,Ahmed,3,40.64,121.92,62.9,59.02
1059,2025-11-02,Printer,Office,North,Fatima,6,188.23,1129.38,765.47,363.91
1060,2025-10-23,Monitor,Electronics,South,Usman,5,227.22,1136.1,894.25,241.85
1061,2025-08-09,Phone,Electronics,North,Bilal,6,512.32,3073.92,2134.31,939.61
1062,2025-09-17,Keyboard,Accessories,South,Ayesha,7,38.61,270.27,142.76,127.51
1063,2025-08-04,Printer,Office,North,Bilal,3,184.16,552.48,382.24,170.24
1064,2025-05-27,Monitor,Electronics,East,Hassan,7,264.29,1850.03,1273.44,576.59
1065,2025-08-15,Chair,Furniture,South,Ahmed,4,150.34,601.36,411.75,189.61
1066,2025-05-26,Desk,Furniture,South,Bilal,10,212.75,2127.5,1547.76,579.74
1067,2025-04-26,Monitor,Electronics,West,Ahmed,3,226.22,678.66,526.22,152.44
1068,2025-08-22,Printer,Office,West,Fatima,10,169,1690,1325.53,364.47
1069,2025-05-05,Tablet,Electronics,North,Fatima,1,323.56,323.56,227.93,95.63
1070,2025-04-23,Tablet,Electronics,North,Hassan,9,297.87,2680.83,1991.37,689.46
1071,2025-03-10,Chair,Furniture,West,Fatima,9,164.64,1481.76,908.59,573.17
1072,2025-10-08,Chair,Furniture,East,Ayesha,3,157.31,471.93,299.24,172.69
1073,2025-11-23,Keyboard,Accessories,West,Ahmed,9,39.88,358.92,175.31,183.61
1074,2025-05-27,Monitor,Electronics,North,Sara,5,241.79,1208.95,935.37,273.58
1075,2025-03-19,Monitor,Electronics,North,Fatima,7,259.7,1817.9,1286.01,531.89
1076,2025-07-28,Mouse,Accessories,West,Fatima,9,24.83,223.47,103.27,120.2
1077,2025-10-27,Laptop,Electronics,East,Bilal,10,780.86,7808.6,5703.54,2105.06
1078,2025-07-19,Printer,Office,South,Hassan,9,188.91,1700.19,1175.4,524.79
1079,2025-04-23,Keyboard,Accessories,West,Sara,7,39.89,279.23,138.44,140.79
1080,2025-08-28,Tablet,Electronics,North,Ahmed,10,302.05,3020.5,2289.52,730.98
1081,2025-11-26,Printer,Office,East,Fatima,3,193.21,579.63,377.59,202.04
1082,2025-06-17,Monitor,Electronics,West,Bilal,8,241.34,1930.72,1477.62,453.1
1083,2025-08-04,Keyboard,Accessories,North,Usman,2,39.76,79.52,41,38.52
1084,2025-04-25,Phone,Electronics,South,Ali,1,525.42,525.42,365.74,159.68
1085,2025-11-15,Tablet,Electronics,South,Hassan,4,277.57,1110.28,894.91,215.37
1086,2025-12-25,Keyboard,Accessories,North,Sara,6,37.34,224.04,121.29,102.75
1087,2025-06-09,Phone,Electronics,West,Fatima,10,452.57,4525.7,3434.19,1091.51
1088,2025-04-12,Phone,Electronics,North,Bilal,10,519.06,5190.6,3544.53,1646.07
1089,2025-12-17,Headphones,Accessories,North,Usman,2,84.74,169.48,90.59,78.89
1090,2025-09-30,Printer,Office,North,Fatima,6,164.48,986.88,791.51,195.37
1091,2025-09-08,Phone,Electronics,West,Sara,7,546.08,3822.56,2483.22,1339.34
1092,2025-08-11,Tablet,Electronics,West,Hassan,9,327.93,2951.37,1934.48,1016.89
1093,2025-08-12,Headphones,Accessories,North,Bilal,5,77.16,385.8,219.27,166.53
1094,2025-08-19,Monitor,Electronics,East,Ali,8,253.49,2027.92,1464.22,563.7
1095,2025-09-11,Mouse,Accessories,East,Usman,3,24.94,74.82,35.48,39.34
1096,2025-05-24,Headphones,Accessories,South,Ahmed,5,80.89,404.45,225.37,179.08
1097,2025-05-04,Printer,Office,West,Hassan,8,181.99,1455.92,1012.99,442.93
1098,2025-08-18,Laptop,Electronics,South,Bilal,2,767.08,1534.16,1188.53,345.63
1099,2025-12-06,Headphones,Accessories,West,Usman,6,79.57,477.42,270.83,206.59
1100,2025-06-30,Chair,Furniture,South,Usman,5,144.2,721,486.53,234.47
1101,2025-03-03,Desk,Furniture,East,Bilal,3,206.43,619.29,460.74,158.55
1102,2025-02-21,Monitor,Electronics,North,Sara,5,236.37,1181.85,871.15,310.7
1103,2025-05-21,Laptop,Electronics,South,Hassan,1,808.54,808.54,611.85,196.69
1104,2025-02-22,Laptop,Electronics,East,Sara,10,765.49,7654.9,5987.23,1667.67
1105,2025-01-27,Keyboard,Accessories,West,Ahmed,8,36.91,295.28,153.05,142.23
1106,2025-10-23,Laptop,Electronics,East,Ahmed,3,743.87,2231.61,1811.31,420.3
1107,2025-05-08,Phone,Electronics,South,Fatima,9,526.44,4737.96,3183.49,1554.47
1108,2025-08-19,Chair,Furniture,East,Ali,5,160.8,804,524.5,279.5
1109,2025-11-09,Phone,Electronics,North,Sara,4,512.55,2050.2,1367.05,683.15
1110,2025-05-03,Tablet,Electronics,West,Hassan,9,274.5,2470.5,1881.53,588.97
1111,2025-05-30,Laptop,Electronics,West,Ahmed,4,766.1,3064.4,2347.85,716.55
1112,2025-12-18,Monitor,Electronics,South,Fatima,5,264.39,1321.95,911.26,410.69
1113,2025-02-28,Desk,Furniture,South,Ahmed,4,226.5,906,624.5,281.5
1114,2025-01-31,Tablet,Electronics,East,Hassan,5,305.7,1528.5,1135.67,392.83
1115,2025-03-05,Chair,Furniture,West,Hassan,5,155.99,779.95,522.13,257.82
1116,2025-02-11,Headphones,Accessories,East,Ali,1,86.23,86.23,46.06,40.17
1117,2025-02-16,Monitor,Electronics,East,Ali,10,254.36,2543.6,1713.73,829.87
1118,2025-03-31,Chair,Furniture,South,Fatima,9,154.55,1390.95,937.45,453.5
1119,2025-11-22,Chair,Furniture,East,Ahmed,2,149.1,298.2,198.17,100.03
1120,2025-03-24,Mouse,Accessories,West,Ali,7,25.97,181.79,82.22,99.57
1121,2025-08-21,Phone,Electronics,West,Ali,6,475.24,2851.44,2019.34,832.1
1122,2025-12-03,Desk,Furniture,East,Hassan,8,216.18,1729.44,1162.51,566.93
1123,2025-11-17,Chair,Furniture,East,Hassan,1,141.11,141.11,100.49,40.62
1124,2025-12-24,Chair,Furniture,South,Sara,2,135.87,271.74,202.6,69.14
1125,2025-06-09,Desk,Furniture,North,Hassan,1,222.3,222.3,143.9,78.4
1126,2025-03-02,Tablet,Electronics,East,Fatima,8,325.96,2607.68,1723.37,884.31
1127,2025-09-05,Chair,Furniture,South,Sara,4,148.7,594.8,385.79,209.01
1128,2025-02-05,Keyboard,Accessories,East,Ali,7,38.72,271.04,144.03,127.01
1129,2025-05-25,Keyboard,Accessories,South,Hassan,10,40.64,406.4,203.2,203.2
1130,2025-10-03,Chair,Furniture,West,Hassan,6,144.97,869.82,615.77,254.05
1131,2025-06-14,Monitor,Electronics,West,Ali,4,253.59,1014.36,700.82,313.54
1132,2025-06-12,Chair,Furniture,South,Hassan,7,146.58,1026.06,711.46,314.6
1133,2025-01-19,Tablet,Electronics,North,Hassan,9,327.92,2951.28,1946.73,1004.55
1134,2025-02-21,Desk,Furniture,South,Ahmed,8,198.68,1589.44,1157.3,432.14
1135,2025-08-29,Keyboard,Accessories,North,Usman,6,40.99,245.94,118.77,127.17
1136,2025-12-12,Desk,Furniture,West,Ali,7,239.98,1679.86,1063.31,616.55
1137,2025-11-13,Phone,Electronics,South,Ahmed,4,513.12,2052.48,1458.93,593.55
1138,2025-08-11,Phone,Electronics,North,Ali,2,494.37,988.74,713.58,275.16
1139,2025-06-16,Laptop,Electronics,South,Fatima,5,777.35,3886.75,2979.21,907.54
1140,2025-10-17,Tablet,Electronics,West,Ayesha,3,280.5,841.5,667.23,174.27
1141,2025-09-12,Headphones,Accessories,West,Bilal,3,75.72,227.16,136.86,90.3
1142,2025-12-08,Laptop,Electronics,South,Ahmed,8,864.19,6913.52,4885.25,2028.27
1143,2025-08-15,Mouse,Accessories,East,Hassan,10,24,240,125.54,114.46
1144,2025-06-04,Monitor,Electronics,West,Usman,7,267.67,1873.69,1210.44,663.25
1145,2025-10-22,Keyboard,Accessories,West,Bilal,5,36.18,180.9,103.3,77.6
1146,2025-01-05,Headphones,Accessories,East,Ayesha,1,86.57,86.57,46.1,40.47
1147,2025-11-07,Mouse,Accessories,South,Ahmed,4,25.68,102.72,48.58,54.14
1148,2025-11-18,Laptop,Electronics,East,Sara,5,846.18,4230.9,2860.01,1370.89
1149,2025-02-16,Keyboard,Accessories,South,Usman,6,41.98,251.88,116.11,135.77
1150,2025-09-29,Desk,Furniture,West,Bilal,5,234.54,1172.7,731.77,440.93
1151,2025-06-23,Phone,Electronics,South,Fatima,8,546.29,4370.32,2699.41,1670.91
1152,2025-10-13,Mouse,Accessories,North,Hassan,2,26.45,52.9,22.83,30.07
1153,2025-07-08,Keyboard,Accessories,East,Ahmed,10,39.05,390.5,202.77,187.73
1154,2025-12-12,Monitor,Electronics,East,Ayesha,8,226.25,1810,1495.33,314.67
1155,2025-11-28,Phone,Electronics,West,Ahmed,8,540.94,4327.52,2744.61,1582.91
1156,2025-03-13,Laptop,Electronics,North,Ayesha,1,768.7,768.7,599.56,169.14
1157,2025-10-03,Tablet,Electronics,West,Sara,7,297.22,2080.54,1566.25,514.29
1158,2025-08-01,Phone,Electronics,East,Ali,8,511.57,4092.56,2922.93,1169.63
1159,2025-12-20,Mouse,Accessories,East,Ahmed,4,24.72,98.88,50.16,48.72
1160,2025-12-18,Mouse,Accessories,North,Fatima,9,27.01,243.09,109.56,133.53
1161,2025-05-22,Monitor,Electronics,North,Ayesha,2,272.45,544.9,371.67,173.23
1162,2025-11-25,Headphones,Accessories,South,Ayesha,1,72.81,72.81,44.25,28.56
1163,2025-02-05,Desk,Furniture,South,Usman,4,223.8,895.2,618.78,276.42
1164,2025-03-17,Headphones,Accessories,South,Bilal,1,76.44,76.44,47.18,29.26
1165,2025-03-31,Phone,Electronics,South,Usman,1,463.18,463.18,345.04,118.14
1166,2025-01-09,Tablet,Electronics,North,Ahmed,5,273.14,1365.7,1126.59,239.11
1167,2025-09-01,Chair,Furniture,South,Ali,6,150.4,902.4,576.54,325.86
1168,2025-12-04,Desk,Furniture,North,Hassan,5,218.15,1090.75,784.8,305.95
1169,2025-07-25,Printer,Office,North,Ahmed,2,179.65,359.3,270.65,88.65
1170,2025-06-14,Headphones,Accessories,East,Fatima,3,73.05,219.15,131.96,87.19
1171,2025-11-02,Desk,Furniture,North,Ahmed,5,217.96,1089.8,757.91,331.89
1172,2025-12-02,Desk,Furniture,West,Usman,4,216.92,867.68,623.29,244.39
1173,2025-08-21,Printer,Office,East,Bilal,7,188.27,1317.89,892.94,424.95
1174,2025-07-11,Tablet,Electronics,North,Fatima,8,274.03,2192.24,1818.39,373.85
1175,2025-02-19,Mouse,Accessories,East,Ahmed,3,25.28,75.84,36.31,39.53
1176,2025-07-30,Mouse,Accessories,East,Bilal,7,26.84,187.88,85.86,102.02
1177,2025-06-30,Phone,Electronics,West,Ayesha,10,500.74,5007.4,3379.16,1628.24
1178,2025-02-25,Mouse,Accessories,South,Fatima,9,24.34,219.06,110.84,108.22
1179,2025-10-15,Headphones,Accessories,East,Ali,10,82.8,828,452.55,375.45
1180,2025-04-03,Keyboard,Accessories,South,Sara,5,43.37,216.85,98.51,118.34
1181,2025-10-17,Printer,Office,North,Ahmed,2,167.11,334.22,263.46,70.76
1182,2025-09-29,Monitor,Electronics,East,Bilal,7,245.99,1721.93,1239.95,481.98
1183,2025-06-16,Headphones,Accessories,South,Ali,10,73.36,733.6,429.87,303.73
1184,2025-12-12,Phone,Electronics,West,Fatima,5,494.31,2471.55,1736.7,734.85
1185,2025-05-20,Monitor,Electronics,East,Hassan,9,230.69,2076.21,1608.65,467.56
1186,2025-09-27,Keyboard,Accessories,North,Ali,1,37.76,37.76,20.97,16.79
1187,2025-04-15,Keyboard,Accessories,East,Usman,4,42.14,168.56,82.11,86.45
1188,2025-03-03,Laptop,Electronics,West,Ayesha,8,839.52,6716.16,4644.33,2071.83
1189,2025-09-14,Desk,Furniture,North,Fatima,6,201.17,1207.02,932.56,274.46
1190,2025-01-10,Chair,Furniture,West,Fatima,2,160.86,321.72,201.52,120.2
1191,2025-05-29,Phone,Electronics,West,Usman,7,452.09,3164.63,2407.07,757.56
1192,2025-02-15,Printer,Office,North,Fatima,2,170.76,341.52,262.31,79.21
1193,2025-06-08,Mouse,Accessories,North,Ayesha,4,24.17,96.68,46.41,50.27
1194,2025-06-28,Mouse,Accessories,South,Sara,3,23.68,71.04,34.73,36.31
1195,2025-11-05,Tablet,Electronics,West,Hassan,2,280.63,561.26,452.01,109.25
1196,2025-10-16,Headphones,Accessories,East,Usman,8,82.9,663.2,373.75,289.45
1197,2025-03-19,Chair,Furniture,East,Ali,2,149.07,298.14,202.63,95.51
1198,2025-06-30,Desk,Furniture,North,Usman,2,211.66,423.32,298.56,124.76
1199,2025-05-27,Phone,Electronics,West,Ali,2,511.5,1023,700.49,322.51
1200,2025-08-19,Headphones,Accessories,South,Ali,4,77.14,308.56,179.56,129
1201,2025-08-19,Phone,Electronics,South,Ali,6,548.24,3289.44,2012.71,1276.73
1202,2025-05-07,Chair,Furniture,East,Usman,8,150.72,1205.76,808.78,396.98
1203,2025-05-25,Printer,Office,North,Usman,7,189.88,1329.16,926.28,402.88
1204,2025-02-03,Mouse,Accessories,East,Sara,2,25.29,50.58,23.73,26.85
1205,2025-06-20,Phone,Electronics,East,Fatima,10,516.36,5163.6,3645.86,1517.74
1206,2025-03-08,Headphones,Accessories,East,Sara,2,76.95,153.9,88.89,65.01
1207,2025-12-10,Desk,Furniture,East,Ali,2,226.43,452.86,297.7,155.16
1208,2025-07-05,Keyboard,Accessories,West,Ayesha,3,43.61,130.83,59.05,71.78
1209,2025-04-26,Tablet,Electronics,North,Ali,3,274.63,823.89,682.73,141.16
1210,2025-12-05,Mouse,Accessories,South,Sara,10,23.16,231.6,118.52,113.08
1211,2025-12-21,Headphones,Accessories,East,Ayesha,3,83.54,250.62,128.84,121.78
1212,2025-08-16,Headphones,Accessories,South,Ayesha,5,84.04,420.2,231.39,188.81
1213,2025-06-08,Chair,Furniture,West,Hassan,4,146.04,584.16,417.89,166.27
1214,2025-05-25,Printer,Office,South,Sara,9,180.99,1628.91,1224.55,404.36
1215,2025-05-09,Laptop,Electronics,North,Ahmed,8,859.86,6878.88,4826.18,2052.7
1216,2025-05-26,Phone,Electronics,South,Fatima,3,477.28,1431.84,1092.56,339.28
1217,2025-02-16,Monitor,Electronics,West,Ali,8,269.23,2153.84,1501.99,651.85
1218,2025-07-22,Desk,Furniture,East,Ayesha,6,208.37,1250.22,944.51,305.71
1219,2025-01-15,Mouse,Accessories,South,Sara,2,26.7,53.4,24.36,29.04
1220,2025-01-20,Keyboard,Accessories,West,Hassan,8,41.57,332.56,154.22,178.34
1221,2025-11-12,Laptop,Electronics,South,Fatima,2,723.04,1446.08,1165.88,280.2
1222,2025-02-26,Keyboard,Accessories,West,Hassan,4,38.41,153.64,76.38,77.26
1223,2025-02-02,Phone,Electronics,South,Sara,8,509.67,4077.36,2664.6,1412.76
1224,2025-05-30,Printer,Office,West,Sara,1,184.13,184.13,126.63,57.5
1225,2025-12-07,Phone,Electronics,North,Fatima,9,547.47,4927.23,3013.82,1913.41
1226,2025-08-29,Laptop,Electronics,North,Usman,7,876.97,6138.79,4096.53,2042.26
1227,2025-02-04,Mouse,Accessories,East,Sara,4,26.16,104.64,48.62,56.02
1228,2025-01-23,Mouse,Accessories,West,Hassan,9,24.19,217.71,109.54,108.17
1229,2025-11-20,Tablet,Electronics,West,Ali,3,273.79,821.37,678.23,143.14
1230,2025-05-31,Monitor,Electronics,East,Bilal,1,264.56,264.56,186.94,77.62
1231,2025-09-21,Printer,Office,South,Bilal,9,179.04,1611.36,1115.78,495.58
1232,2025-07-02,Laptop,Electronics,West,Fatima,6,763.71,4582.26,3707.76,874.5
1233,2025-08-14,Printer,Office,West,Usman,6,197.05,1182.3,779.7,402.6
1234,2025-09-23,Keyboard,Accessories,South,Bilal,2,41.82,83.64,38.32,45.32
1235,2025-06-14,Phone,Electronics,West,Fatima,2,482.79,965.58,685.69,279.89
1236,2025-03-27,Chair,Furniture,East,Fatima,6,148.41,890.46,613.61,276.85
1237,2025-05-21,Laptop,Electronics,South,Ali,2,827.39,1654.78,1188.75,466.03
1238,2025-03-15,Headphones,Accessories,East,Usman,8,72.56,580.48,344.42,236.06
1239,2025-07-16,Headphones,Accessories,East,Usman,1,81.68,81.68,45.81,35.87
1240,2025-08-16,Phone,Electronics,East,Bilal,10,463.77,4637.7,3453.43,1184.27
1241,2025-05-08,Phone,Electronics,West,Ahmed,1,523.57,523.57,349.97,173.6
1242,2025-05-15,Keyboard,Accessories,West,Ayesha,8,37.72,301.76,161.79,139.97
1243,2025-03-04,Tablet,Electronics,West,Ahmed,2,297.12,594.24,457.54,136.7
1244,2025-12-16,Mouse,Accessories,East,Bilal,6,26.05,156.3,72.36,83.94
1245,2025-03-22,Tablet,Electronics,South,Sara,6,300.53,1803.18,1270.02,533.16
1246,2025-05-02,Chair,Furniture,West,Sara,1,145.83,145.83,100.72,45.11
1247,2025-11-10,Phone,Electronics,West,Fatima,2,480.93,961.86,734.97,226.89
1248,2025-07-29,Headphones,Accessories,North,Hassan,2,74.01,148.02,88.35,59.67
1249,2025-08-27,Desk,Furniture,South,Sara,6,203.65,1221.9,929.61,292.29
1250,2025-08-10,Desk,Furniture,East,Sara,1,234.58,234.58,150.27,84.31
1251,2025-03-24,Mouse,Accessories,East,Ahmed,4,24.23,96.92,50.12,46.8
1252,2025-05-09,Monitor,Electronics,North,Sara,9,238.72,2148.48,1640.25,508.23
1253,2025-10-31,Headphones,Accessories,East,Ali,3,74.74,224.22,136.68,87.54
1254,2025-01-15,Phone,Electronics,East,Ayesha,1,544.85,544.85,359.49,185.36
1255,2025-10-20,Printer,Office,East,Bilal,10,185,1850,1299.74,550.26
1256,2025-09-05,Monitor,Electronics,North,Sara,7,239.87,1679.09,1206.19,472.9
1257,2025-08-14,Printer,Office,South,Usman,8,178.72,1429.76,1023.38,406.38
1258,2025-06-13,Mouse,Accessories,North,Usman,7,23.15,162.05,82.91,79.14
1259,2025-05-04,Chair,Furniture,North,Ali,2,143.02,286.04,194.96,91.08
1260,2025-05-29,Printer,Office,South,Usman,10,177.05,1770.5,1360.15,410.35
1261,2025-10-23,Mouse,Accessories,West,Hassan,4,26.32,105.28,47.99,57.29
1262,2025-06-07,Chair,Furniture,West,Ayesha,1,137.7,137.7,98.93,38.77
1263,2025-04-21,Headphones,Accessories,West,Bilal,6,72.78,436.68,264.1,172.58
1264,2025-10-02,Laptop,Electronics,East,Fatima,2,788.95,1577.9,1245.89,332.01
1265,2025-07-07,Laptop,Electronics,East,Bilal,7,728.19,5097.33,4225.96,871.37
1266,2025-02-07,Printer,Office,North,Sara,9,178.21,1603.89,1175.83,428.06
1267,2025-02-19,Printer,Office,East,Sara,6,190.62,1143.72,767.45,376.27
1268,2025-04-12,Headphones,Accessories,North,Sara,9,78.42,705.78,386.38,319.4
1269,2025-06-20,Chair,Furniture,South,Usman,9,148.71,1338.39,909.56,428.83
1270,2025-11-10,Mouse,Accessories,East,Usman,3,24.46,73.38,36.42,36.96
1271,2025-09-17,Desk,Furniture,West,Ali,9,219.55,1975.95,1358.49,617.46
1272,2025-07-08,Mouse,Accessories,North,Hassan,2,27.4,54.8,24.2,30.6
1273,2025-05-16,Headphones,Accessories,West,Sara,10,75.64,756.4,429.81,326.59
1274,2025-09-26,Headphones,Accessories,North,Ahmed,7,74.36,520.52,320.69,199.83
1275,2025-04-08,Laptop,Electronics,South,Fatima,8,770.19,6161.52,4632.69,1528.83
1276,2025-09-14,Headphones,Accessories,North,Sara,8,85.97,687.76,368.49,319.27
1277,2025-09-23,Monitor,Electronics,West,Usman,9,241.25,2171.25,1646.28,524.97
1278,2025-03-30,Chair,Furniture,East,Hassan,9,145.27,1307.43,886.89,420.54
1279,2025-04-09,Monitor,Electronics,East,Bilal,5,252.9,1264.5,875.24,389.26
1280,2025-12-27,Monitor,Electronics,East,Bilal,8,240.85,1926.8,1418.23,508.57
1281,2025-03-04,Headphones,Accessories,East,Sara,9,78.08,702.72,424.45,278.27
1282,2025-05-29,Laptop,Electronics,West,Bilal,5,872.85,4364.25,2873.71,1490.54
1283,2025-09-03,Monitor,Electronics,East,Sara,4,266.4,1065.6,703.52,362.08
1284,2025-02-25,Headphones,Accessories,South,Ayesha,10,75.83,758.3,429.78,328.52
1285,2025-01-27,Phone,Electronics,South,Ali,7,483.03,3381.21,2443.24,937.97
1286,2025-10-09,Tablet,Electronics,West,Hassan,7,309.17,2164.19,1598.62,565.57
1287,2025-11-30,Monitor,Electronics,North,Ayesha,5,241.06,1205.3,913.13,292.17
1288,2025-10-01,Laptop,Electronics,North,Fatima,3,786.86,2360.58,1860.77,499.81
1289,2025-09-11,Tablet,Electronics,North,Usman,5,322.6,1613,1046.02,566.98
1290,2025-05-26,Chair,Furniture,South,Hassan,9,150.73,1356.57,935.03,421.54
1291,2025-05-20,Monitor,Electronics,East,Sara,2,241.53,483.06,368.32,114.74
1292,2025-01-08,Mouse,Accessories,South,Fatima,5,25.34,126.7,61.54,65.16
1293,2025-08-07,Desk,Furniture,South,Sara,6,201.82,1210.92,915.23,295.69
1294,2025-09-02,Mouse,Accessories,West,Bilal,4,22.53,90.12,47.44,42.68
1295,2025-06-18,Keyboard,Accessories,East,Ayesha,10,41.78,417.8,190.23,227.57
1296,2025-02-01,Phone,Electronics,East,Ahmed,8,480.68,3845.44,2773.52,1071.92
1297,2025-11-24,Keyboard,Accessories,South,Hassan,6,40.92,245.52,116.63,128.89
1298,2025-03-20,Chair,Furniture,West,Ayesha,10,146.21,1462.1,1020.19,441.91
1299,2025-05-07,Headphones,Accessories,East,Ahmed,2,80.41,160.82,90.25,70.57
1300,2025-10-16,Phone,Electronics,South,Sara,1,532.88,532.88,364.1,168.78
1301,2025-03-26,Mouse,Accessories,West,Ahmed,9,24.71,222.39,109.95,112.44
1302,2025-09-19,Chair,Furniture,West,Ali,1,148.6,148.6,100.13,48.47
1303,2025-10-14,Chair,Furniture,North,Ayesha,5,156.7,783.5,494.8,288.7
1304,2025-10-24,Phone,Electronics,North,Ahmed,1,492.37,492.37,357.01,135.36
1305,2025-08-30,Laptop,Electronics,West,Usman,5,785.42,3927.1,3080.69,846.41
1306,2025-07-15,Chair,Furniture,South,Usman,7,146.27,1023.89,712.79,311.1
1307,2025-03-02,Tablet,Electronics,South,Ali,9,293.58,2642.22,1906.21,736.01
1308,2025-01-12,Keyboard,Accessories,West,Ayesha,8,41.39,331.12,160.71,170.41
1309,2025-05-07,Chair,Furniture,North,Ali,6,139.65,837.9,581.31,256.59
1310,2025-12-05,Printer,Office,North,Ayesha,10,189.58,1895.8,1349.89,545.91
1311,2025-04-16,Phone,Electronics,North,Ayesha,2,509.39,1018.78,696.25,322.53
1312,2025-01-23,Printer,Office,North,Sara,8,170.44,1363.52,1010.6,352.92
1313,2025-09-15,Keyboard,Accessories,East,Usman,4,42.53,170.12,81.85,88.27
1314,2025-05-02,Keyboard,Accessories,West,Bilal,3,43.89,131.67,60.13,71.54
1315,2025-05-21,Laptop,Electronics,South,Fatima,9,871.76,7845.84,5605.05,2240.79
1316,2025-10-12,Chair,Furniture,West,Usman,1,164.17,164.17,104.42,59.75
1317,2025-12-23,Printer,Office,West,Ayesha,7,167.37,1171.59,898.76,272.83
1318,2025-04-26,Keyboard,Accessories,West,Fatima,3,42.45,127.35,62.49,64.86
1319,2025-10-13,Desk,Furniture,East,Ahmed,3,215.09,645.27,438.97,206.3
1320,2025-08-19,Mouse,Accessories,North,Bilal,2,25.18,50.36,24.79,25.57
1321,2025-07-13,Headphones,Accessories,South,Hassan,10,72.63,726.3,430.78,295.52
1322,2025-04-17,Mouse,Accessories,South,Ahmed,5,27.29,136.45,57.09,79.36
1323,2025-09-03,Monitor,Electronics,South,Usman,10,260.19,2601.9,1781.39,820.51
1324,2025-05-25,Printer,Office,East,Usman,8,181.21,1449.68,1025.36,424.32
1325,2025-09-20,Chair,Furniture,West,Usman,8,137.96,1103.68,838.51,265.17
1326,2025-04-15,Mouse,Accessories,South,Sara,6,24.57,147.42,72.45,74.97
1327,2025-01-09,Keyboard,Accessories,West,Bilal,9,43.48,391.32,181.42,209.9
1328,2025-03-20,Monitor,Electronics,South,Hassan,6,236.5,1419,1087.54,331.46
1329,2025-10-09,Mouse,Accessories,West,Hassan,5,26.32,131.6,59.93,71.67
1330,2025-03-28,Mouse,Accessories,South,Ali,3,23.2,69.6,36.17,33.43
1331,2025-09-26,Laptop,Electronics,North,Fatima,2,871.23,1742.46,1220.19,522.27
1332,2025-03-12,Monitor,Electronics,West,Usman,2,260.36,520.72,342.33,178.39
1333,2025-01-31,Headphones,Accessories,North,Ali,10,86.6,866,457.17,408.83
1334,2025-09-30,Desk,Furniture,East,Bilal,7,198.52,1389.64,1053.09,336.55
1335,2025-01-09,Desk,Furniture,North,Ahmed,7,233.47,1634.29,1093.03,541.26
1336,2025-09-26,Tablet,Electronics,East,Bilal,4,281.52,1126.08,882.33,243.75
1337,2025-07-23,Phone,Electronics,South,Ayesha,6,545.93,3275.58,2091.39,1184.19
1338,2025-06-03,Phone,Electronics,West,Ali,1,459.35,459.35,345.77,113.58
1339,2025-11-23,Laptop,Electronics,East,Ahmed,3,733.23,2199.69,1862.16,337.53
1340,2025-09-28,Laptop,Electronics,West,Bilal,4,753.83,3015.32,2488.35,526.97
1341,2025-01-24,Phone,Electronics,North,Sara,5,539.93,2699.65,1761.11,938.54
1342,2025-06-11,Laptop,Electronics,West,Ahmed,4,813.93,3255.72,2460.54,795.18
1343,2025-06-03,Tablet,Electronics,West,Usman,10,284.43,2844.3,2273.62,570.68
1344,2025-07-16,Tablet,Electronics,North,Ahmed,2,300.05,600.1,460.87,139.23
1345,2025-08-12,Monitor,Electronics,West,Usman,2,242.03,484.06,369.68,114.38
1346,2025-01-16,Keyboard,Accessories,West,Fatima,8,39.92,319.36,157.69,161.67
1347,2025-04-06,Headphones,Accessories,South,Ahmed,7,73.37,513.59,318.74,194.85
1348,2025-02-12,Keyboard,Accessories,South,Fatima,3,39.04,117.12,61.7,55.42
1349,2025-06-12,Mouse,Accessories,West,Usman,2,22.96,45.92,25.06,20.86
1350,2025-05-19,Phone,Electronics,West,Ahmed,3,458.73,1376.19,1042.75,333.44
1351,2025-01-14,Phone,Electronics,East,Fatima,6,505.42,3032.52,2120.35,912.17
1352,2025-01-07,Keyboard,Accessories,South,Sara,7,39.1,273.7,134.19,139.51
1353,2025-12-17,Printer,Office,West,Sara,3,167,501,382.24,118.76
1354,2025-02-02,Tablet,Electronics,North,Usman,7,286.56,2005.92,1509.16,496.76
1355,2025-05-09,Monitor,Electronics,North,Sara,8,254.69,2037.52,1396.16,641.36
1356,2025-06-05,Laptop,Electronics,East,Hassan,7,773.15,5412.05,4250.48,1161.57
1357,2025-06-21,Printer,Office,South,Hassan,10,166.9,1669,1276.69,392.31
1358,2025-06-10,Tablet,Electronics,West,Ayesha,7,328.12,2296.84,1507.88,788.96
1359,2025-06-16,Printer,Office,North,Ayesha,5,191.39,956.95,643.04,313.91
1360,2025-10-31,Desk,Furniture,West,Ayesha,3,228,684,452.25,231.75
1361,2025-08-13,Keyboard,Accessories,West,Hassan,2,42.55,85.1,41.18,43.92
1362,2025-03-13,Keyboard,Accessories,West,Fatima,4,38.02,152.08,77.23,74.85
1363,2025-02-07,Chair,Furniture,West,Ali,10,149.38,1493.8,990.08,503.72
1364,2025-07-04,Desk,Furniture,South,Usman,10,226.08,2260.8,1437.75,823.05
1365,2025-03-27,Headphones,Accessories,West,Usman,1,81.01,81.01,45.65,35.36
1366,2025-08-09,Phone,Electronics,South,Hassan,1,459.86,459.86,340.27,119.59
1367,2025-07-11,Printer,Office,South,Usman,8,189.8,1518.4,1049.21,469.19
1368,2025-01-13,Chair,Furniture,North,Ahmed,2,143.86,287.72,208.41,79.31
1369,2025-03-14,Mouse,Accessories,West,Usman,5,24.22,121.1,61.71,59.39
1370,2025-09-01,Phone,Electronics,North,Bilal,8,522.2,4177.6,2786.69,1390.91
1371,2025-01-23,Phone,Electronics,South,Ayesha,1,534.92,534.92,355.18,179.74
1372,2025-09-22,Tablet,Electronics,West,Ayesha,9,279.61,2516.49,1991.85,524.64
1373,2025-07-27,Tablet,Electronics,North,Ayesha,3,308.43,925.29,655.52,269.77
1374,2025-08-19,Headphones,Accessories,South,Bilal,7,78.22,547.54,321.45,226.09
1375,2025-12-27,Phone,Electronics,South,Usman,10,460.18,4601.8,3630.19,971.61
1376,2025-06-16,Monitor,Electronics,West,Usman,8,230.7,1845.6,1464.58,381.02
1377,2025-11-02,Printer,Office,East,Hassan,10,176.13,1761.3,1249.85,511.45
1378,2025-11-13,Tablet,Electronics,South,Usman,5,325.12,1625.6,1109.92,515.68
1379,2025-03-02,Monitor,Electronics,South,Fatima,5,230.85,1154.25,888.6,265.65
1380,2025-08-03,Headphones,Accessories,West,Sara,3,81.2,243.6,133.96,109.64
1381,2025-10-12,Tablet,Electronics,West,Ali,8,287.33,2298.64,1704.93,593.71
1382,2025-07-03,Laptop,Electronics,West,Fatima,8,741.85,5934.8,4951.3,983.5
1383,2025-12-17,Chair,Furniture,South,Ahmed,7,156.3,1094.1,696.07,398.03
1384,2025-10-17,Laptop,Electronics,East,Sara,4,766.73,3066.92,2345.96,720.96
1385,2025-08-23,Headphones,Accessories,North,Bilal,8,80.8,646.4,346.08,300.32
1386,2025-10-06,Mouse,Accessories,West,Ayesha,9,26.61,239.49,103.05,136.44
1387,2025-08-06,Phone,Electronics,West,Bilal,4,479.77,1919.08,1469.9,449.18
1388,2025-06-28,Phone,Electronics,South,Ayesha,8,536.53,4292.24,2692.87,1599.37
1389,2025-10-29,Mouse,Accessories,South,Ayesha,10,25.66,256.6,115.99,140.61
1390,2025-04-16,Laptop,Electronics,South,Usman,10,776.13,7761.3,5868.65,1892.65
1391,2025-12-27,Keyboard,Accessories,North,Sara,5,40.58,202.9,104.52,98.38
1392,2025-07-30,Laptop,Electronics,South,Ayesha,5,858.73,4293.65,2888.07,1405.58
1393,2025-03-16,Mouse,Accessories,West,Sara,4,26.31,105.24,48.85,56.39
1394,2025-10-23,Keyboard,Accessories,North,Fatima,7,39,273,134.06,138.94
1395,2025-09-21,Keyboard,Accessories,North,Ahmed,6,39.64,237.84,119.86,117.98
1396,2025-08-23,Mouse,Accessories,West,Ayesha,2,26.48,52.96,23.75,29.21
1397,2025-09-11,Keyboard,Accessories,South,Hassan,6,42.63,255.78,118.05,137.73
1398,2025-06-25,Laptop,Electronics,West,Ali,1,735.93,735.93,617.03,118.9
1399,2025-03-05,Tablet,Electronics,West,Ayesha,8,297.39,2379.12,1846.56,532.56
1400,2025-12-19,Tablet,Electronics,East,Ahmed,5,279.54,1397.7,1147.6,250.1
1401,2025-12-02,Mouse,Accessories,South,Ali,5,22.91,114.55,60.99,53.56
1402,2025-07-22,Keyboard,Accessories,North,Ali,4,39.43,157.72,76.73,80.99
1403,2025-04-20,Chair,Furniture,West,Ali,2,138.98,277.96,194.52,83.44
1404,2025-01-05,Mouse,Accessories,South,Hassan,2,27.44,54.88,23.81,31.07
1405,2025-02-06,Monitor,Electronics,North,Usman,7,229.47,1606.29,1298.55,307.74
1406,2025-07-08,Keyboard,Accessories,South,Sara,3,39.06,117.18,61.88,55.3
1407,2025-02-05,Desk,Furniture,West,Usman,10,198.37,1983.7,1522.5,461.2
1408,2025-04-20,Tablet,Electronics,South,Ahmed,7,306.96,2148.72,1531.13,617.59
1409,2025-02-21,Tablet,Electronics,West,Usman,2,305.37,610.74,434.9,175.84
1410,2025-03-13,Monitor,Electronics,East,Ali,5,257.23,1286.15,877.34,408.81
1411,2025-12-04,Keyboard,Accessories,West,Bilal,4,40.14,160.56,80.08,80.48
1412,2025-11-27,Laptop,Electronics,West,Ahmed,4,799.18,3196.72,2307.06,889.66
1413,2025-09-28,Laptop,Electronics,West,Usman,6,869.43,5216.58,3467.51,1749.07
1414,2025-10-07,Tablet,Electronics,North,Ahmed,8,327.27,2618.16,1807.58,810.58
1415,2025-01-08,Keyboard,Accessories,West,Bilal,4,36.32,145.28,76.48,68.8
1416,2025-11-18,Desk,Furniture,South,Bilal,7,216.64,1516.48,1039.74,476.74
1417,2025-02-12,Keyboard,Accessories,South,Usman,2,40.09,80.18,38.81,41.37
1418,2025-07-20,Headphones,Accessories,South,Ali,2,76.96,153.92,89.44,64.48
1419,2025-05-06,Phone,Electronics,North,Bilal,7,461.6,3231.2,2477.51,753.69
1420,2025-12-08,Tablet,Electronics,North,Sara,2,270.76,541.52,424.04,117.48
1421,2025-09-12,Mouse,Accessories,East,Sara,9,25.09,225.81,111.48,114.33
1422,2025-07-10,Tablet,Electronics,North,Usman,5,313.98,1569.9,1057.99,511.91
1423,2025-08-08,Keyboard,Accessories,North,Hassan,9,36.51,328.59,183.82,144.77
1424,2025-08-22,Desk,Furniture,South,Usman,6,200.44,1202.64,932.34,270.3
1425,2025-03-22,Keyboard,Accessories,North,Ayesha,2,43.15,86.3,40.7,45.6
1426,2025-09-18,Laptop,Electronics,North,Hassan,1,857.39,857.39,570.74,286.65
1427,2025-07-06,Printer,Office,North,Fatima,3,168.44,505.32,407.95,97.37
1428,2025-04-25,Mouse,Accessories,East,Ahmed,4,24.58,98.32,49.06,49.26
1429,2025-10-20,Mouse,Accessories,South,Ayesha,2,25.01,50.02,24.96,25.06
1430,2025-09-22,Laptop,Electronics,East,Bilal,7,731.03,5117.21,4185.34,931.87
1431,2025-06-17,Phone,Electronics,East,Bilal,9,495.67,4461.03,3108.71,1352.32
1432,2025-11-15,Monitor,Electronics,South,Ayesha,8,243.41,1947.28,1507.95,439.33
1433,2025-03-19,Laptop,Electronics,North,Usman,7,723.83,5066.81,4217.45,849.36
1434,2025-01-01,Printer,Office,South,Fatima,5,165.74,828.7,651.94,176.76
1435,2025-09-09,Laptop,Electronics,South,Fatima,3,833.86,2501.58,1726.74,774.84
1436,2025-12-25,Mouse,Accessories,North,Sara,8,27.37,218.96,92.02,126.94
1437,2025-11-23,Printer,Office,South,Ayesha,2,183.31,366.62,248.62,118
1438,2025-05-30,Keyboard,Accessories,East,Usman,6,43.41,260.46,118.72,141.74
1439,2025-08-20,Keyboard,Accessories,North,Sara,4,36.6,146.4,77.62,68.78
1440,2025-02-24,Tablet,Electronics,East,Ayesha,8,297.96,2383.68,1743.55,640.13
1441,2025-08-20,Keyboard,Accessories,South,Bilal,8,38.12,304.96,153.92,151.04
1442,2025-12-27,Headphones,Accessories,South,Ahmed,1,75.44,75.44,46.6,28.84
1443,2025-12-31,Monitor,Electronics,East,Bilal,6,244.81,1468.86,1031.29,437.57
1444,2025-03-31,Laptop,Electronics,South,Ahmed,7,856.74,5997.18,4223.5,1773.68
1445,2025-08-25,Phone,Electronics,South,Sara,3,462.15,1386.45,1003.98,382.47
1446,2025-04-12,Printer,Office,North,Bilal,6,186.71,1120.26,814.13,306.13
1447,2025-02-08,Laptop,Electronics,South,Ahmed,2,751.64,1503.28,1217.52,285.76
1448,2025-06-19,Phone,Electronics,West,Fatima,1,544.23,544.23,334.27,209.96
1449,2025-09-12,Laptop,Electronics,South,Sara,7,829.31,5805.17,4062.58,1742.59
1450,2025-05-21,Keyboard,Accessories,South,Bilal,8,43.07,344.56,152.55,192.01
1451,2025-09-13,Printer,Office,West,Sara,9,179.25,1613.25,1121.76,491.49
1452,2025-08-03,Monitor,Electronics,North,Fatima,9,237.46,2137.14,1700.04,437.1
1453,2025-07-03,Chair,Furniture,East,Fatima,9,158.44,1425.96,885.96,540
1454,2025-05-19,Tablet,Electronics,East,Ali,1,289.13,289.13,213.82,75.31
1455,2025-08-30,Desk,Furniture,South,Ahmed,6,231.74,1390.44,944.96,445.48
1456,2025-05-07,Monitor,Electronics,North,Ayesha,5,251.68,1258.4,926.21,332.19
1457,2025-10-22,Printer,Office,South,Sara,6,195.67,1174.02,818.34,355.68
1458,2025-05-02,Headphones,Accessories,North,Usman,6,84.9,509.4,275.34,234.06
1459,2025-10-18,Headphones,Accessories,West,Bilal,3,81.01,243.03,130.79,112.24
1460,2025-03-31,Chair,Furniture,South,Ali,1,137.71,137.71,97.33,40.38
1461,2025-09-27,Chair,Furniture,South,Usman,1,144.95,144.95,101.14,43.81
1462,2025-04-01,Mouse,Accessories,South,Ahmed,1,22.61,22.61,12.1,10.51
1463,2025-09-27,Mouse,Accessories,West,Ahmed,2,24.37,48.74,25.06,23.68
1464,2025-06-22,Keyboard,Accessories,West,Hassan,6,37.09,222.54,115.89,106.65
1465,2025-11-29,Mouse,Accessories,East,Ayesha,3,26.04,78.12,36.22,41.9
1466,2025-12-07,Headphones,Accessories,East,Sara,3,78.05,234.15,138.16,95.99
1467,2025-04-01,Laptop,Electronics,North,Sara,10,782.66,7826.6,6296.57,1530.03
1468,2025-11-05,Mouse,Accessories,West,Sara,10,23.6,236,120.79,115.21
1469,2025-06-19,Phone,Electronics,North,Usman,4,484.68,1938.72,1374.73,563.99
1470,2025-08-17,Laptop,Electronics,East,Bilal,5,753.55,3767.75,3057.95,709.8
1471,2025-02-25,Laptop,Electronics,South,Fatima,1,781.75,781.75,613.96,167.79
1472,2025-09-10,Printer,Office,West,Ayesha,6,181.66,1089.96,748.91,341.05
1473,2025-03-25,Chair,Furniture,North,Usman,2,158.98,317.96,190.67,127.29
1474,2025-05-14,Phone,Electronics,South,Ahmed,2,484.18,968.36,727.16,241.2
1475,2025-10-08,Phone,Electronics,West,Ali,6,509.4,3056.4,2123.87,932.53
1476,2025-08-09,Tablet,Electronics,North,Usman,10,323.39,3233.9,2124.56,1109.34
1477,2025-04-16,Monitor,Electronics,East,Bilal,7,259.86,1819.02,1287.98,531.04
1478,2025-06-02,Monitor,Electronics,West,Sara,2,227.48,454.96,362.58,92.38
1479,2025-01-28,Mouse,Accessories,West,Ayesha,1,24.64,24.64,11.75,12.89
1480,2025-02-19,Laptop,Electronics,North,Hassan,4,747.33,2989.32,2350.03,639.29
1481,2025-03-01,Keyboard,Accessories,East,Ahmed,7,39.77,278.39,145.53,132.86
1482,2025-11-25,Desk,Furniture,East,Sara,7,206.13,1442.91,1090.48,352.43
1483,2025-08-17,Laptop,Electronics,East,Ali,5,790.36,3951.8,2929.02,1022.78
1484,2025-03-19,Phone,Electronics,West,Ayesha,2,516.81,1033.62,721.57,312.05
1485,2025-10-11,Laptop,Electronics,West,Ayesha,7,850.94,5956.58,4165.83,1790.75
1486,2025-09-01,Keyboard,Accessories,North,Sara,2,39.16,78.32,41.42,36.9
1487,2025-03-03,Chair,Furniture,South,Ayesha,3,163.47,490.41,290.01,200.4
1488,2025-03-06,Laptop,Electronics,South,Sara,7,732.54,5127.78,4276.91,850.87
1489,2025-11-01,Keyboard,Accessories,North,Ahmed,6,43.29,259.74,124.97,134.77
1490,2025-07-18,Desk,Furniture,West,Ali,7,222.29,1556.03,1087.45,468.58
1491,2025-12-25,Headphones,Accessories,West,Sara,10,80.36,803.6,446.38,357.22
1492,2025-03-17,Headphones,Accessories,North,Ahmed,10,81.32,813.2,470.92,342.28
1493,2025-10-16,Phone,Electronics,West,Bilal,5,536.75,2683.75,1816.52,867.23
1494,2025-07-16,Chair,Furniture,East,Fatima,10,153.27,1532.7,953.75,578.95
1495,2025-03-15,Headphones,Accessories,West,Usman,10,82.89,828.9,445.58,383.32
1496,2025-12-20,Monitor,Electronics,East,Ali,1,262.29,262.29,187.58,74.71
1497,2025-06-22,Keyboard,Accessories,North,Ayesha,5,38.24,191.2,99.92,91.28
1498,2025-03-10,Keyboard,Accessories,West,Ahmed,8,42.19,337.52,157.13,180.39
1499,2025-04-07,Chair,Furniture,West,Usman,4,162.4,649.6,396.29,253.31
1500,2025-01-29,Desk,Furniture,West,Sara,3,200.89,602.67,459.43,143.24
1501,2025-09-26,Headphones,Accessories,South,Ali,1,74.78,74.78,46.69,28.09
1502,2025-05-08,Laptop,Electronics,South,Bilal,8,728.09,5824.72,4732.98,1091.74
1503,2025-07-08,Chair,Furniture,North,Ayesha,9,146.91,1322.19,938.08,384.11
1504,2025-07-10,Chair,Furniture,West,Usman,10,148.38,1483.8,1046.05,437.75
1505,2025-06-26,Tablet,Electronics,East,Ali,5,314.94,1574.7,1120.77,453.93
1506,2025-07-17,Laptop,Electronics,South,Ayesha,3,856.61,2569.83,1850.37,719.46
1507,2025-11-28,Monitor,Electronics,North,Ali,4,238.45,953.8,713.48,240.32
1508,2025-08-31,Tablet,Electronics,East,Bilal,3,306.07,918.21,627.56,290.65
1509,2025-12-31,Keyboard,Accessories,West,Bilal,7,43.16,302.12,144.92,157.2
1510,2025-04-22,Chair,Furniture,West,Ahmed,5,155.32,776.6,516.22,260.38
1511,2025-01-04,Desk,Furniture,East,Bilal,6,222.7,1336.2,908.44,427.76
1512,2025-12-17,Phone,Electronics,East,Bilal,8,456.38,3651.04,2936.74,714.3
1513,2025-05-14,Keyboard,Accessories,North,Fatima,4,37.2,148.8,82.12,66.68
1514,2025-12-05,Mouse,Accessories,East,Bilal,3,26.11,78.33,36.56,41.77
1515,2025-08-03,Printer,Office,South,Usman,7,188.52,1319.64,917.56,402.08
1516,2025-04-24,Desk,Furniture,East,Sara,8,237.89,1903.12,1220.62,682.5
1517,2025-12-03,Desk,Furniture,East,Sara,3,210.93,632.79,448.69,184.1
1518,2025-12-15,Mouse,Accessories,East,Fatima,2,23.61,47.22,23.34,23.88
1519,2025-06-19,Mouse,Accessories,North,Hassan,5,25.43,127.15,59.78,67.37
1520,2025-01-28,Headphones,Accessories,South,Ahmed,10,87.11,871.1,430.7,440.4
1521,2025-12-15,Printer,Office,South,Sara,9,172.74,1554.66,1117.83,436.83
1522,2025-04-13,Mouse,Accessories,West,Sara,7,27.44,192.08,87.3,104.78
1523,2025-06-11,Tablet,Electronics,South,Usman,2,299.25,598.5,445.77,152.73
1524,2025-11-21,Laptop,Electronics,South,Sara,1,792.33,792.33,582.56,209.77
1525,2025-09-08,Phone,Electronics,West,Fatima,3,511.45,1534.35,1064.02,470.33
1526,2025-09-02,Printer,Office,East,Ali,1,163.36,163.36,126.09,37.27
1527,2025-06-14,Desk,Furniture,South,Ayesha,4,198.79,795.16,570.25,224.91
1528,2025-12-22,Mouse,Accessories,East,Sara,5,23.14,115.7,59.3,56.4
1529,2025-02-03,Laptop,Electronics,East,Fatima,5,871.75,4358.75,2986.78,1371.97
1530,2025-12-18,Tablet,Electronics,South,Sara,6,329.77,1978.62,1318.7,659.92
1531,2025-07-26,Laptop,Electronics,South,Ali,4,755.89,3023.56,2516.37,507.19
1532,2025-10-29,Desk,Furniture,North,Fatima,3,203.42,610.26,459.5,150.76
1533,2025-11-24,Keyboard,Accessories,North,Ahmed,9,40.99,368.91,181.69,187.22
1534,2025-12-01,Laptop,Electronics,West,Ahmed,1,830.36,830.36,595.01,235.35
1535,2025-10-08,Keyboard,Accessories,North,Bilal,8,41.61,332.88,155.29,177.59
1536,2025-08-04,Phone,Electronics,South,Fatima,9,477,4293,3183.27,1109.73
1537,2025-02-23,Desk,Furniture,North,Hassan,10,203.18,2031.8,1442.1,589.7
1538,2025-04-12,Headphones,Accessories,South,Usman,4,84.45,337.8,185.97,151.83
1539,2025-12-27,Printer,Office,South,Hassan,5,167.77,838.85,653.13,185.72
1540,2025-06-19,Monitor,Electronics,North,Hassan,1,225.64,225.64,172.6,53.04
1541,2025-03-18,Phone,Electronics,East,Ayesha,9,457.5,4117.5,3220.43,897.07
1542,2025-08-22,Keyboard,Accessories,South,Ali,5,39.71,198.55,96,102.55
1543,2025-05-29,Mouse,Accessories,North,Ali,6,24.63,147.78,69.23,78.55
1544,2025-03-12,Tablet,Electronics,East,Ahmed,6,291.45,1748.7,1311.78,436.92
1545,2025-07-10,Mouse,Accessories,West,Bilal,3,23.07,69.21,35.64,33.57
1546,2025-07-17,Chair,Furniture,North,Sara,7,154.47,1081.29,720.78,360.51
1547,2025-12-23,Laptop,Electronics,West,Hassan,3,736.59,2209.77,1874.02,335.75
1548,2025-04-03,Headphones,Accessories,South,Hassan,7,84.47,591.29,318.51,272.78
1549,2025-09-07,Phone,Electronics,East,Ali,7,494.07,3458.49,2343.02,1115.47
1550,2025-12-27,Desk,Furniture,East,Ahmed,10,229.85,2298.5,1458.6,839.9
1551,2025-08-10,Monitor,Electronics,West,Sara,8,242.29,1938.32,1465.39,472.93
1552,2025-10-13,Headphones,Accessories,West,Hassan,1,72.19,72.19,46.95,25.24
1553,2025-03-26,Phone,Electronics,East,Ali,8,482.06,3856.48,2752.65,1103.83
1554,2025-09-17,Monitor,Electronics,South,Ahmed,9,257.17,2314.53,1604.33,710.2
1555,2025-08-24,Chair,Furniture,West,Usman,10,148.44,1484.4,1035.66,448.74
1556,2025-03-02,Chair,Furniture,North,Ahmed,1,138.08,138.08,99.12,38.96
1557,2025-11-06,Headphones,Accessories,West,Usman,5,86.24,431.2,226.4,204.8
1558,2025-07-06,Laptop,Electronics,West,Usman,4,855.09,3420.36,2359.67,1060.69
1559,2025-08-20,Phone,Electronics,East,Usman,2,525.93,1051.86,680.52,371.34
1560,2025-11-21,Keyboard,Accessories,North,Sara,9,40.18,361.62,183.64,177.98
1561,2025-09-10,Tablet,Electronics,South,Ahmed,7,276.42,1934.94,1557.07,377.87
1562,2025-07-21,Monitor,Electronics,East,Ahmed,8,266.23,2129.84,1395.44,734.4
1563,2025-08-01,Laptop,Electronics,West,Sara,10,739.72,7397.2,6235.05,1162.15
1564,2025-09-13,Laptop,Electronics,West,Hassan,9,837.79,7540.11,5428.74,2111.37
1565,2025-09-18,Tablet,Electronics,North,Fatima,10,280.42,2804.2,2269.35,534.85
1566,2025-12-03,Headphones,Accessories,West,Fatima,10,86.12,861.2,450.18,411.02
1567,2025-11-08,Monitor,Electronics,East,Hassan,5,244.89,1224.45,885.86,338.59
1568,2025-03-10,Tablet,Electronics,East,Usman,7,306.15,2143.05,1599.51,543.54
1569,2025-12-31,Desk,Furniture,East,Usman,4,206.84,827.36,607.45,219.91
1570,2025-12-11,Tablet,Electronics,East,Ahmed,3,300.23,900.69,672.82,227.87
1571,2025-06-30,Desk,Furniture,West,Bilal,8,223.64,1789.12,1253.12,536
1572,2025-08-05,Laptop,Electronics,North,Ali,9,737.04,6633.36,5335.67,1297.69
1573,2025-04-13,Keyboard,Accessories,South,Ali,3,43.87,131.61,61.1,70.51
1574,2025-12-20,Keyboard,Accessories,West,Ahmed,4,42.03,168.12,76.26,91.86
1575,2025-11-12,Desk,Furniture,South,Bilal,4,230.67,922.68,603.68,319
1576,2025-12-21,Laptop,Electronics,East,Ali,7,782.01,5474.07,4391.81,1082.26
1577,2025-01-07,Keyboard,Accessories,West,Ayesha,4,40.96,163.84,82.25,81.59
1578,2025-11-21,Mouse,Accessories,South,Bilal,10,25.23,252.3,121.24,131.06
1579,2025-08-18,Tablet,Electronics,North,Fatima,2,281.22,562.44,425.65,136.79
1580,2025-01-21,Printer,Office,East,Ali,5,182.04,910.2,625.95,284.25
1581,2025-06-19,Chair,Furniture,North,Bilal,3,136.2,408.6,312.86,95.74
1582,2025-09-09,Headphones,Accessories,East,Ayesha,9,77.73,699.57,416.5,283.07
1583,2025-04-05,Desk,Furniture,West,Ahmed,2,232.6,465.2,289.78,175.42
1584,2025-06-28,Monitor,Electronics,East,Ayesha,4,258.17,1032.68,707.84,324.84
1585,2025-11-13,Desk,Furniture,North,Ahmed,8,241.85,1934.8,1238.84,695.96
1586,2025-12-09,Mouse,Accessories,South,Ali,8,23.7,189.6,97.37,92.23
1587,2025-12-16,Mouse,Accessories,West,Bilal,7,27.08,189.56,87.74,101.82
1588,2025-10-04,Keyboard,Accessories,East,Hassan,1,43.29,43.29,20.64,22.65
1589,2025-09-07,Laptop,Electronics,North,Ahmed,5,863.73,4318.65,2907.75,1410.9
1590,2025-03-27,Desk,Furniture,South,Fatima,9,198.32,1784.88,1291.34,493.54
1591,2025-02-23,Monitor,Electronics,West,Ahmed,9,266.44,2397.96,1681.34,716.62
1592,2025-12-18,Tablet,Electronics,North,Ahmed,1,297.55,297.55,216.3,81.25
1593,2025-01-28,Tablet,Electronics,South,Bilal,5,303.49,1517.45,1108.25,409.2
1594,2025-07-28,Printer,Office,North,Fatima,8,184.69,1477.52,1033.03,444.49
1595,2025-12-11,Phone,Electronics,North,Ali,9,450.59,4055.31,3219.39,835.92
1596,2025-12-25,Phone,Electronics,East,Ahmed,6,542.8,3256.8,2017.29,1239.51
1597,2025-05-25,Chair,Furniture,West,Sara,7,146.85,1027.95,711.25,316.7
1598,2025-10-01,Monitor,Electronics,East,Sara,3,262.34,787.02,556.03,230.99
1599,2025-06-02,Mouse,Accessories,North,Ali,1,25.27,25.27,12.07,13.2
1600,2025-01-03,Headphones,Accessories,North,Bilal,10,78.31,783.1,452.14,330.96
1601,2025-04-18,Mouse,Accessories,South,Sara,4,24.56,98.24,48.7,49.54
1602,2025-04-05,Monitor,Electronics,South,Ali,10,266.74,2667.4,1744.98,922.42
1603,2025-10-09,Chair,Furniture,East,Ahmed,9,137.19,1234.71,915.45,319.26
1604,2025-04-12,Headphones,Accessories,South,Ahmed,8,87.22,697.76,354.86,342.9
1605,2025-05-26,Headphones,Accessories,West,Usman,2,86.4,172.8,88.36,84.44
1606,2025-11-12,Keyboard,Accessories,East,Fatima,10,37.22,372.2,201.34,170.86
1607,2025-03-28,Laptop,Electronics,West,Bilal,6,759.39,4556.34,3499.75,1056.59
1608,2025-07-04,Tablet,Electronics,East,Bilal,6,322.67,1936.02,1315.1,620.92
1609,2025-09-07,Desk,Furniture,East,Sara,2,205.73,411.46,303.2,108.26
1610,2025-10-03,Monitor,Electronics,North,Ali,5,261.68,1308.4,911.4,397
1611,2025-09-17,Laptop,Electronics,South,Ali,10,812.62,8126.2,6161.52,1964.68
1612,2025-10-10,Keyboard,Accessories,South,Usman,9,43.15,388.35,180.71,207.64
1613,2025-07-20,Monitor,Electronics,West,Ahmed,10,261.66,2616.6,1762.38,854.22
1614,2025-07-23,Mouse,Accessories,South,Sara,9,22.55,202.95,105.18,97.77
1615,2025-08-17,Tablet,Electronics,South,Hassan,3,303.98,911.94,664.34,247.6
1616,2025-07-03,Laptop,Electronics,East,Usman,4,841.84,3367.36,2335.62,1031.74
1617,2025-04-30,Laptop,Electronics,West,Hassan,4,802.86,3211.44,2469.95,741.49
1618,2025-08-21,Laptop,Electronics,East,Bilal,1,876.89,876.89,589.44,287.45
1619,2025-10-24,Desk,Furniture,East,Ahmed,10,205.65,2056.5,1523.05,533.45
1620,2025-09-22,Keyboard,Accessories,West,Usman,7,43.78,306.46,136.12,170.34
1621,2025-06-26,Chair,Furniture,South,Hassan,8,161.62,1292.96,760.53,532.43
1622,2025-03-26,Monitor,Electronics,South,Sara,2,250.73,501.46,352.11,149.35
1623,2025-03-22,Mouse,Accessories,South,Fatima,10,26.09,260.9,115.42,145.48
1624,2025-06-19,Phone,Electronics,South,Fatima,8,517.52,4140.16,2794.13,1346.03
1625,2025-01-12,Monitor,Electronics,South,Ali,1,231.39,231.39,181.66,49.73
1626,2025-10-21,Tablet,Electronics,West,Ali,1,279.98,279.98,229.29,50.69
1627,2025-12-05,Keyboard,Accessories,West,Hassan,2,37.73,75.46,40.43,35.03
1628,2025-03-29,Monitor,Electronics,South,Bilal,7,255.04,1785.28,1297.12,488.16
1629,2025-03-27,Mouse,Accessories,West,Fatima,8,25.48,203.84,91.86,111.98
1630,2025-03-09,Phone,Electronics,West,Sara,1,470.23,470.23,362.59,107.64
1631,2025-11-07,Phone,Electronics,North,Ahmed,3,497.59,1492.77,1062.05,430.72
1632,2025-02-17,Chair,Furniture,North,Fatima,3,162.06,486.18,301.18,185
1633,2025-09-25,Printer,Office,West,Ayesha,6,193.49,1160.94,795.42,365.52
1634,2025-09-04,Printer,Office,North,Fatima,6,183.21,1099.26,798.83,300.43
1635,2025-03-10,Keyboard,Accessories,North,Bilal,8,42.13,337.04,166.56,170.48
1636,2025-11-03,Desk,Furniture,North,Ahmed,7,209.34,1465.38,998.07,467.31
1637,2025-09-24,Laptop,Electronics,East,Fatima,7,824.73,5773.11,4278.86,1494.25
1638,2025-07-05,Phone,Electronics,East,Fatima,3,492.61,1477.83,1058.96,418.87
1639,2025-10-17,Mouse,Accessories,South,Fatima,10,23.88,238.8,122.17,116.63
1640,2025-10-10,Desk,Furniture,West,Bilal,8,205.86,1646.88,1207.09,439.79
1641,2025-06-07,Headphones,Accessories,South,Ahmed,6,84.39,506.34,267.25,239.09
1642,2025-04-28,Chair,Furniture,East,Ali,3,138.01,414.03,300.25,113.78
1643,2025-03-24,Printer,Office,West,Fatima,1,190.96,190.96,134.2,56.76
1644,2025-02-15,Phone,Electronics,North,Fatima,5,472.18,2360.9,1676.51,684.39
1645,2025-07-25,Headphones,Accessories,North,Sara,9,76.58,689.22,423.77,265.45
1646,2025-11-24,Chair,Furniture,East,Ayesha,8,135.32,1082.56,828.05,254.51
1647,2025-01-18,Headphones,Accessories,South,Ali,9,80.25,722.25,394.13,328.12
1648,2025-07-04,Monitor,Electronics,East,Fatima,1,273.78,273.78,172.56,101.22
1649,2025-06-30,Printer,Office,North,Ahmed,7,183.1,1281.7,911.61,370.09
1650,2025-10-09,Keyboard,Accessories,East,Ayesha,9,43.32,389.88,177.27,212.61
1651,2025-11-07,Monitor,Electronics,East,Sara,8,271.49,2171.92,1450.79,721.13
1652,2025-07-28,Desk,Furniture,East,Ahmed,2,222.58,445.16,300.1,145.06
1653,2025-09-20,Keyboard,Accessories,West,Fatima,9,42.51,382.59,181.35,201.24
1654,2025-10-16,Chair,Furniture,West,Hassan,4,157.72,630.88,418.45,212.43
1655,2025-10-28,Laptop,Electronics,South,Ayesha,8,738.6,5908.8,4592.43,1316.37
1656,2025-06-11,Printer,Office,East,Ayesha,6,180.59,1083.54,741.76,341.78
1657,2025-05-28,Phone,Electronics,North,Sara,7,517.37,3621.59,2528.66,1092.93
1658,2025-09-01,Mouse,Accessories,South,Ayesha,6,23.59,141.54,72.53,69.01
1659,2025-09-13,Monitor,Electronics,South,Ayesha,4,261.77,1047.08,746.84,300.24
1660,2025-04-14,Monitor,Electronics,North,Ahmed,10,242.8,2428,1850.21,577.79
1661,2025-12-13,Chair,Furniture,North,Hassan,10,135.2,1352,1035.71,316.29
1662,2025-07-10,Headphones,Accessories,East,Hassan,6,79.88,479.28,283.1,196.18
1663,2025-04-04,Desk,Furniture,South,Ali,5,215.51,1077.55,768.76,308.79
1664,2025-09-27,Printer,Office,East,Fatima,8,195.83,1566.64,991.39,575.25
1665,2025-12-18,Tablet,Electronics,West,Usman,8,328.59,2628.72,1794.89,833.83
1666,2025-12-19,Laptop,Electronics,North,Usman,1,827.86,827.86,592.77,235.09
1667,2025-07-05,Headphones,Accessories,East,Hassan,5,74.99,374.95,219.66,155.29
1668,2025-11-10,Mouse,Accessories,West,Usman,6,23.42,140.52,71.45,69.07
1669,2025-07-06,Printer,Office,South,Ahmed,5,178.23,891.15,654.64,236.51
1670,2025-05-19,Monitor,Electronics,South,Sara,9,246.61,2219.49,1600.7,618.79
1671,2025-08-31,Laptop,Electronics,East,Hassan,3,787.44,2362.32,1734.2,628.12
1672,2025-06-03,Keyboard,Accessories,North,Sara,9,42.87,385.83,171.86,213.97
1673,2025-01-31,Monitor,Electronics,West,Usman,5,248.83,1244.15,911.69,332.46
1674,2025-05-14,Mouse,Accessories,East,Usman,6,25.3,151.8,75.11,76.69
1675,2025-01-11,Printer,Office,South,Sara,2,174.64,349.28,264.67,84.61
1676,2025-05-26,Mouse,Accessories,West,Ahmed,6,25.87,155.22,71.91,83.31
1677,2025-07-15,Headphones,Accessories,South,Usman,5,79.42,397.1,235.27,161.83
1678,2025-08-04,Headphones,Accessories,North,Sara,10,78.48,784.8,468.32,316.48
1679,2025-06-25,Monitor,Electronics,East,Fatima,6,240.84,1445.04,1057.47,387.57
1680,2025-05-19,Chair,Furniture,West,Fatima,6,157.44,944.64,601.26,343.38
1681,2025-03-27,Tablet,Electronics,East,Ahmed,1,277.5,277.5,214.16,63.34
1682,2025-04-18,Tablet,Electronics,West,Ali,7,276.18,1933.26,1472.82,460.44
1683,2025-01-14,Printer,Office,East,Sara,9,189.54,1705.86,1121.24,584.62
1684,2025-02-13,Printer,Office,West,Sara,5,170.26,851.3,665.44,185.86
1685,2025-03-09,Desk,Furniture,East,Hassan,3,199.26,597.78,457.36,140.42
1686,2025-08-28,Desk,Furniture,South,Hassan,5,222.14,1110.7,722.63,388.07
1687,2025-11-20,Headphones,Accessories,East,Usman,7,80.38,562.66,319.4,243.26
1688,2025-09-04,Desk,Furniture,East,Fatima,4,233.41,933.64,596.51,337.13
1689,2025-05-14,Tablet,Electronics,South,Usman,5,270.63,1353.15,1102.56,250.59
1690,2025-05-27,Chair,Furniture,West,Bilal,9,135.25,1217.25,937.99,279.26
1691,2025-01-05,Printer,Office,East,Ayesha,5,183.49,917.45,669.29,248.16
1692,2025-07-30,Desk,Furniture,West,Fatima,7,215.37,1507.59,1014.64,492.95
1693,2025-04-23,Keyboard,Accessories,East,Bilal,2,39.38,78.76,38.96,39.8
1694,2025-11-29,Desk,Furniture,South,Sara,5,216.17,1080.85,776.51,304.34
1695,2025-05-29,Phone,Electronics,West,Ayesha,8,511.77,4094.16,2736.2,1357.96
1696,2025-06-14,Laptop,Electronics,South,Ahmed,3,727.94,2183.82,1806.29,377.53
1697,2025-05-25,Keyboard,Accessories,South,Ahmed,3,41.72,125.16,61.36,63.8
1698,2025-03-19,Laptop,Electronics,West,Usman,8,754.75,6038,4761.72,1276.28
1699,2025-08-26,Laptop,Electronics,South,Ali,6,732.84,4397.04,3690.21,706.83
1700,2025-05-17,Printer,Office,East,Fatima,2,181.55,363.1,251.72,111.38
1701,2025-01-07,Phone,Electronics,South,Ali,4,488.48,1953.92,1466.5,487.42
1702,2025-04-12,Chair,Furniture,West,Fatima,2,150.63,301.26,209.64,91.62
1703,2025-12-15,Keyboard,Accessories,North,Bilal,6,37.27,223.62,122.74,100.88
1704,2025-09-04,Keyboard,Accessories,South,Ahmed,4,38.88,155.52,76.42,79.1
1705,2025-05-01,Printer,Office,North,Fatima,6,162.54,975.24,802.96,172.28
1706,2025-05-05,Laptop,Electronics,South,Usman,1,812.97,812.97,611.45,201.52
1707,2025-02-15,Monitor,Electronics,East,Ali,3,250,750,550.04,199.96
1708,2025-01-31,Mouse,Accessories,South,Hassan,3,26.01,78.03,37.05,40.98
1709,2025-04-30,Mouse,Accessories,West,Ayesha,9,26.44,237.96,110.77,127.19
1710,2025-01-11,Printer,Office,North,Hassan,6,188.08,1128.48,760.55,367.93
1711,2025-12-28,Chair,Furniture,South,Sara,9,143.84,1294.56,917.73,376.83
1712,2025-10-06,Mouse,Accessories,South,Ahmed,6,26.16,156.96,70.38,86.58
1713,2025-09-29,Tablet,Electronics,East,Hassan,8,287.74,2301.92,1718.35,583.57
1714,2025-01-01,Desk,Furniture,East,Ayesha,7,230.28,1611.96,1090.21,521.75
1715,2025-06-14,Phone,Electronics,West,Sara,9,531.9,4787.1,3052.31,1734.79
1716,2025-11-10,Keyboard,Accessories,North,Ahmed,6,39.28,235.68,117.86,117.82
1717,2025-01-23,Tablet,Electronics,West,Ayesha,3,322.41,967.23,640.34,326.89
1718,2025-02-20,Laptop,Electronics,West,Bilal,10,822.68,8226.8,5933.16,2293.64
1719,2025-01-26,Mouse,Accessories,South,Hassan,4,25.53,102.12,45.94,56.18
1720,2025-02-10,Chair,Furniture,West,Usman,1,145.83,145.83,102.43,43.4
1721,2025-12-29,Laptop,Electronics,North,Bilal,10,762.53,7625.3,5724.39,1900.91
1722,2025-02-09,Monitor,Electronics,West,Ayesha,9,229.86,2068.74,1656.48,412.26
1723,2025-04-09,Desk,Furniture,West,Ahmed,4,223.08,892.32,626.85,265.47
1724,2025-11-23,Headphones,Accessories,West,Ahmed,6,82.79,496.74,275.47,221.27
1725,2025-03-27,Tablet,Electronics,South,Hassan,9,294.09,2646.81,1947.83,698.98
1726,2025-06-30,Mouse,Accessories,East,Fatima,9,27.46,247.14,106.11,141.03
1727,2025-11-21,Printer,Office,South,Fatima,6,183.9,1103.4,784.93,318.47
1728,2025-10-09,Keyboard,Accessories,West,Ali,6,43.69,262.14,119.37,142.77
1729,2025-01-18,Keyboard,Accessories,East,Ali,10,36.13,361.3,192.7,168.6
1730,2025-06-03,Monitor,Electronics,East,Sara,4,267.79,1071.16,685.56,385.6
1731,2025-02-18,Laptop,Electronics,East,Ayesha,8,776.9,6215.2,4626.44,1588.76
1732,2025-04-30,Keyboard,Accessories,South,Ahmed,5,36.74,183.7,99,84.7
1733,2025-06-16,Chair,Furniture,North,Bilal,3,149.65,448.95,311.97,136.98
1734,2025-01-20,Headphones,Accessories,East,Usman,7,73.26,512.82,301.01,211.81
1735,2025-08-11,Printer,Office,North,Fatima,2,193.31,386.62,252.89,133.73
1736,2025-01-28,Keyboard,Accessories,South,Usman,9,36.33,326.97,180.72,146.25
1737,2025-09-15,Monitor,Electronics,West,Hassan,3,227.53,682.59,552.51,130.08
1738,2025-11-01,Headphones,Accessories,West,Sara,9,73.44,660.96,402.24,258.72
1739,2025-03-09,Mouse,Accessories,West,Bilal,2,24.88,49.76,24.59,25.17
1740,2025-02-13,Printer,Office,South,Hassan,9,177.64,1598.76,1193.15,405.61
1741,2025-10-14,Monitor,Electronics,South,Ayesha,8,244.77,1958.16,1450.27,507.89
1742,2025-02-06,Keyboard,Accessories,North,Ahmed,7,38.59,270.13,145.94,124.19
1743,2025-12-10,Printer,Office,East,Ali,7,175.15,1226.05,881.83,344.22
1744,2025-06-06,Tablet,Electronics,West,Sara,6,306.97,1841.82,1384.7,457.12
1745,2025-08-14,Laptop,Electronics,North,Ahmed,4,751.95,3007.8,2369.72,638.08
1746,2025-01-28,Monitor,Electronics,East,Ali,10,271.34,2713.4,1866.38,847.02
1747,2025-06-25,Phone,Electronics,South,Ayesha,5,495.01,2475.05,1666.48,808.57
1748,2025-04-15,Desk,Furniture,South,Ali,9,231.02,2079.18,1356.59,722.59
1749,2025-07-12,Headphones,Accessories,East,Ayesha,9,72.7,654.3,391.65,262.65
1750,2025-12-23,Headphones,Accessories,North,Ahmed,5,72.85,364.25,228.48,135.77
1751,2025-07-18,Keyboard,Accessories,West,Ayesha,6,42.91,257.46,114.23,143.23
1752,2025-07-14,Desk,Furniture,North,Sara,2,237.77,475.54,299.54,176
1753,2025-04-12,Desk,Furniture,North,Ayesha,8,222.67,1781.36,1225.5,555.86
1754,2025-09-29,Keyboard,Accessories,North,Usman,6,39.92,239.52,122.93,116.59
1755,2025-12-17,Mouse,Accessories,East,Ali,6,25.63,153.78,70.1,83.68
1756,2025-11-17,Keyboard,Accessories,North,Bilal,7,43.12,301.84,144.41,157.43
1757,2025-04-26,Tablet,Electronics,North,Fatima,6,323.83,1942.98,1340.71,602.27
1758,2025-09-24,Headphones,Accessories,West,Bilal,4,78.68,314.72,181.31,133.41
1759,2025-11-06,Mouse,Accessories,South,Ayesha,8,25.21,201.68,93.18,108.5
1760,2025-03-12,Keyboard,Accessories,South,Sara,9,43.28,389.52,178.74,210.78
1761,2025-06-12,Phone,Electronics,South,Usman,9,503.3,4529.7,3219.12,1310.58
1762,2025-03-16,Laptop,Electronics,West,Bilal,6,860.82,5164.92,3569.05,1595.87
1763,2025-08-15,Keyboard,Accessories,South,Ali,3,42.23,126.69,57.64,69.05
1764,2025-11-10,Headphones,Accessories,South,Ayesha,5,81.69,408.45,227.53,180.92
1765,2025-12-18,Laptop,Electronics,South,Hassan,6,732.72,4396.32,3700.74,695.58
1766,2025-12-31,Mouse,Accessories,South,Sara,3,26.76,80.28,35.97,44.31
1767,2025-04-09,Monitor,Electronics,East,Fatima,1,245.43,245.43,188.44,56.99
1768,2025-04-24,Monitor,Electronics,West,Hassan,4,228.31,913.24,750.75,162.49
1769,2025-12-19,Mouse,Accessories,North,Fatima,8,26.94,215.52,95.3,120.22
1770,2025-06-10,Printer,Office,North,Ahmed,10,195.81,1958.1,1309.35,648.75
1771,2025-08-20,Chair,Furniture,West,Ali,1,161.33,161.33,97.46,63.87
1772,2025-10-13,Printer,Office,South,Bilal,9,189.55,1705.95,1224.12,481.83
1773,2025-08-14,Printer,Office,South,Fatima,5,189.85,949.25,636.08,313.17
1774,2025-05-31,Headphones,Accessories,West,Hassan,1,83.04,83.04,46.82,36.22
1775,2025-02-16,Desk,Furniture,South,Fatima,2,205.91,411.82,302.56,109.26
1776,2025-07-31,Mouse,Accessories,South,Hassan,8,22.62,180.96,95.56,85.4
1777,2025-02-16,Keyboard,Accessories,South,Ahmed,6,41.53,249.18,124.89,124.29
1778,2025-02-16,Phone,Electronics,West,Sara,8,513.41,4107.28,2683.89,1423.39
1779,2025-07-13,Desk,Furniture,East,Sara,7,199.93,1399.51,1015.44,384.07
1780,2025-03-25,Tablet,Electronics,East,Bilal,3,316.15,948.45,630.39,318.06
1781,2025-08-17,Keyboard,Accessories,South,Ali,3,36.94,110.82,57.79,53.03
1782,2025-11-15,Keyboard,Accessories,North,Hassan,1,39.67,39.67,20.71,18.96
1783,2025-05-02,Monitor,Electronics,West,Ahmed,10,257.97,2579.7,1791.67,788.03
1784,2025-11-04,Headphones,Accessories,South,Ali,1,75.92,75.92,45.21,30.71
1785,2025-04-05,Tablet,Electronics,North,Bilal,1,309.2,309.2,209.81,99.39
1786,2025-06-19,Phone,Electronics,South,Bilal,1,460.89,460.89,367.28,93.61
1787,2025-11-09,Headphones,Accessories,West,Usman,10,84.6,846,435.48,410.52
1788,2025-01-19,Phone,Electronics,North,Fatima,5,482.28,2411.4,1819.57,591.83
1789,2025-10-09,Phone,Electronics,East,Usman,5,497.08,2485.4,1683.85,801.55
1790,2025-09-27,Printer,Office,North,Ahmed,9,169.55,1525.95,1135.96,389.99
1791,2025-10-20,Desk,Furniture,East,Fatima,2,219.28,438.56,305.66,132.9
1792,2025-11-08,Mouse,Accessories,East,Sara,5,25.13,125.65,62.97,62.68
1793,2025-11-11,Headphones,Accessories,West,Sara,8,80.32,642.56,364.75,277.81
1794,2025-11-09,Monitor,Electronics,North,Hassan,5,273.96,1369.8,855.14,514.66
1795,2025-11-17,Phone,Electronics,West,Ali,4,529.96,2119.84,1469.86,649.98
1796,2025-06-20,Mouse,Accessories,South,Bilal,9,26.53,238.77,104.89,133.88
1797,2025-05-11,Phone,Electronics,North,Ahmed,5,480.03,2400.15,1758.75,641.4
1798,2025-12-18,Mouse,Accessories,North,Sara,6,24.48,146.88,72.5,74.38
1799,2025-04-10,Mouse,Accessories,West,Ali,6,27.11,162.66,71.85,90.81
1800,2025-11-27,Tablet,Electronics,East,Hassan,8,279.32,2234.56,1753.07,481.49
1801,2025-07-31,Laptop,Electronics,East,Ali,9,767.89,6911.01,5521.48,1389.53
1802,2025-04-17,Headphones,Accessories,East,Ahmed,6,84.79,508.74,280.48,228.26
1803,2025-03-18,Keyboard,Accessories,South,Fatima,1,38.71,38.71,19.75,18.96
1804,2025-04-06,Headphones,Accessories,East,Ali,2,85.83,171.66,92.26,79.4
1805,2025-05-20,Printer,Office,West,Bilal,2,179.89,359.78,253.18,106.6
1806,2025-04-21,Desk,Furniture,North,Ayesha,5,205.7,1028.5,740.57,287.93
1807,2025-02-17,Chair,Furniture,South,Ayesha,9,135.75,1221.75,898.44,323.31
1808,2025-06-24,Chair,Furniture,North,Sara,9,144.31,1298.79,884.46,414.33
1809,2025-04-16,Laptop,Electronics,North,Ali,8,782.01,6256.08,4975.11,1280.97
1810,2025-06-09,Laptop,Electronics,North,Ahmed,10,859.5,8595,5899.97,2695.03
1811,2025-09-24,Keyboard,Accessories,South,Usman,1,40.62,40.62,19.62,21
1812,2025-04-13,Monitor,Electronics,West,Ahmed,5,238.83,1194.15,883.72,310.43
1813,2025-05-20,Tablet,Electronics,North,Ayesha,3,286.42,859.26,628.01,231.25
1814,2025-10-05,Mouse,Accessories,East,Ayesha,9,24.09,216.81,104.13,112.68
1815,2025-03-29,Phone,Electronics,West,Ali,5,511.33,2556.65,1721.78,834.87
1816,2025-03-08,Laptop,Electronics,West,Ali,8,864.53,6916.24,4584.22,2332.02
1817,2025-02-14,Printer,Office,West,Usman,7,168.44,1179.08,918.75,260.33
1818,2025-06-09,Mouse,Accessories,North,Hassan,4,26.06,104.24,48.82,55.42
1819,2025-10-18,Tablet,Electronics,West,Ahmed,2,318.77,637.54,458.47,179.07
1820,2025-08-22,Keyboard,Accessories,South,Bilal,8,39.76,318.08,167.16,150.92
1821,2025-07-06,Printer,Office,East,Hassan,3,187.19,561.57,396.44,165.13
1822,2025-09-07,Laptop,Electronics,West,Sara,2,796.05,1592.1,1182.17,409.93
1823,2025-05-25,Mouse,Accessories,West,Ahmed,10,25.37,253.7,120.1,133.6
1824,2025-06-16,Desk,Furniture,West,Fatima,2,232.87,465.74,300.98,164.76
1825,2025-05-03,Headphones,Accessories,West,Ahmed,4,80.77,323.08,188.53,134.55
1826,2025-06-24,Monitor,Electronics,East,Ayesha,10,246.56,2465.6,1886.44,579.16
1827,2025-03-30,Phone,Electronics,West,Usman,10,533.67,5336.7,3365.01,1971.69
1828,2025-10-12,Phone,Electronics,North,Ahmed,8,467.62,3740.96,2927.65,813.31
1829,2025-12-17,Headphones,Accessories,North,Ahmed,7,77.24,540.68,319.57,221.11
1830,2025-04-22,Tablet,Electronics,North,Sara,10,324.2,3242,2229.95,1012.05
1831,2025-12-05,Tablet,Electronics,West,Ayesha,8,301.88,2415.04,1740.64,674.4
1832,2025-04-16,Mouse,Accessories,East,Fatima,5,25.35,126.75,62.48,64.27
1833,2025-06-26,Phone,Electronics,West,Sara,10,450.81,4508.1,3670.25,837.85
1834,2025-05-31,Laptop,Electronics,North,Usman,6,864.17,5185.02,3768.44,1416.58
1835,2025-02-26,Keyboard,Accessories,West,Usman,1,37.88,37.88,20.4,17.48
1836,2025-12-31,Printer,Office,South,Hassan,7,175.74,1230.18,914.11,316.07
1837,2025-03-13,Monitor,Electronics,West,Sara,9,244.23,2198.07,1688.77,509.3
1838,2025-05-28,Tablet,Electronics,South,Hassan,3,270.7,812.1,669.79,142.31
1839,2025-12-03,Printer,Office,West,Hassan,3,165.05,495.15,395.55,99.6
1840,2025-12-23,Headphones,Accessories,West,Hassan,7,81.97,573.79,313.56,260.23
1841,2025-07-16,Mouse,Accessories,West,Ayesha,4,23.43,93.72,48.5,45.22
1842,2025-12-31,Desk,Furniture,East,Ali,5,216.08,1080.4,753.46,326.94
1843,2025-01-20,Headphones,Accessories,West,Ahmed,8,83.28,666.24,346.07,320.17
1844,2025-03-14,Desk,Furniture,North,Ayesha,5,218.46,1092.3,718.37,373.93
1845,2025-08-30,Phone,Electronics,North,Usman,9,529.81,4768.29,3090.94,1677.35
1846,2025-10-01,Laptop,Electronics,East,Fatima,8,792.65,6341.2,4994.91,1346.29
1847,2025-06-30,Keyboard,Accessories,East,Bilal,5,37.34,186.7,101.95,84.75
1848,2025-02-01,Chair,Furniture,East,Ali,10,140.07,1400.7,955.16,445.54
1849,2025-05-27,Chair,Furniture,East,Bilal,2,138.8,277.6,191.54,86.06
1850,2025-03-09,Headphones,Accessories,North,Sara,5,76.4,382,219.53,162.47
1851,2025-10-30,Tablet,Electronics,South,Hassan,8,292.19,2337.52,1702.87,634.65
1852,2025-04-03,Desk,Furniture,South,Sara,1,213.09,213.09,143.77,69.32
1853,2025-09-11,Printer,Office,South,Ayesha,7,170.57,1193.99,904.56,289.43
1854,2025-10-23,Mouse,Accessories,North,Ali,1,25.71,25.71,12.31,13.4
1855,2025-03-27,Chair,Furniture,South,Fatima,7,149.29,1045.03,698.34,346.69
1856,2025-12-16,Printer,Office,West,Ali,8,171.45,1371.6,1043.17,328.43
1857,2025-05-28,Chair,Furniture,North,Ahmed,7,155.35,1087.45,732.32,355.13
1858,2025-09-30,Mouse,Accessories,East,Usman,7,25.55,178.85,85.28,93.57
1859,2025-05-19,Keyboard,Accessories,West,Ayesha,2,38.04,76.08,40.34,35.74
1860,2025-12-11,Headphones,Accessories,South,Usman,4,80.32,321.28,183.2,138.08
1861,2025-10-08,Laptop,Electronics,North,Ahmed,1,853.07,853.07,570.72,282.35
1862,2025-12-17,Chair,Furniture,South,Ali,6,141.58,849.48,587,262.48
1863,2025-01-13,Headphones,Accessories,South,Ahmed,2,72.91,145.82,90.85,54.97
1864,2025-12-29,Phone,Electronics,South,Ahmed,2,535.64,1071.28,674.09,397.19
1865,2025-12-23,Tablet,Electronics,North,Hassan,5,287.67,1438.35,1117.65,320.7
1866,2025-05-22,Printer,Office,East,Ali,6,171.26,1027.56,801.9,225.66
1867,2025-07-15,Printer,Office,East,Sara,6,197.85,1187.1,761.14,425.96
1868,2025-08-14,Phone,Electronics,West,Sara,8,547.94,4383.52,2716.19,1667.33
1869,2025-11-27,Chair,Furniture,South,Ahmed,2,139.32,278.64,205.37,73.27
1870,2025-08-15,Keyboard,Accessories,East,Hassan,2,36.28,72.56,38.28,34.28
1871,2025-01-10,Chair,Furniture,North,Fatima,3,154.59,463.77,285.03,178.74
1872,2025-05-17,Tablet,Electronics,West,Hassan,6,324.28,1945.68,1329.85,615.83
1873,2025-08-12,Printer,Office,West,Ahmed,2,181.44,362.88,247.09,115.79
1874,2025-10-18,Desk,Furniture,North,Ahmed,6,212.67,1276.02,882.25,393.77
1875,2025-07-07,Desk,Furniture,East,Ayesha,6,201.54,1209.24,896.37,312.87
1876,2025-04-01,Desk,Furniture,East,Fatima,1,240.57,240.57,152.41,88.16
1877,2025-02-24,Mouse,Accessories,South,Sara,8,22.92,183.36,97.27,86.09
1878,2025-01-19,Monitor,Electronics,West,Fatima,1,260.99,260.99,181.67,79.32
1879,2025-02-02,Desk,Furniture,West,Ali,5,219.99,1099.95,784.87,315.08
1880,2025-01-19,Mouse,Accessories,West,Ahmed,1,24.19,24.19,12.27,11.92
1881,2025-04-19,Desk,Furniture,South,Ayesha,8,239.36,1914.88,1244.42,670.46
1882,2025-02-06,Laptop,Electronics,North,Ayesha,3,798.22,2394.66,1713.43,681.23
1883,2025-12-26,Tablet,Electronics,East,Ahmed,1,280.33,280.33,210.1,70.23
1884,2025-08-22,Headphones,Accessories,North,Ahmed,3,85.37,256.11,129.11,127
1885,2025-09-12,Headphones,Accessories,West,Usman,10,75.53,755.3,463.7,291.6
1886,2025-12-14,Printer,Office,South,Usman,6,166.35,998.1,794.36,203.74
1887,2025-04-20,Laptop,Electronics,East,Sara,10,747.75,7477.5,5737.93,1739.57
1888,2025-08-01,Tablet,Electronics,North,Sara,6,303.2,1819.2,1311.9,507.3
1889,2025-02-21,Headphones,Accessories,West,Ahmed,7,84.44,591.08,299.74,291.34
1890,2025-01-04,Laptop,Electronics,East,Fatima,3,868.18,2604.54,1837.21,767.33
1891,2025-12-22,Chair,Furniture,West,Fatima,3,141.18,423.54,304.19,119.35
1892,2025-05-03,Tablet,Electronics,West,Ahmed,10,311.5,3115,2221.18,893.82
1893,2025-11-18,Keyboard,Accessories,South,Ahmed,6,39.35,236.1,120.69,115.41
1894,2025-09-29,Phone,Electronics,South,Hassan,10,486.19,4861.9,3591.39,1270.51
1895,2025-11-17,Monitor,Electronics,South,Hassan,5,227.65,1138.25,865.14,273.11
1896,2025-09-12,Tablet,Electronics,East,Bilal,3,310.21,930.63,629.85,300.78
1897,2025-04-18,Printer,Office,West,Ali,5,174.03,870.15,669.83,200.32
1898,2025-02-23,Laptop,Electronics,West,Ahmed,9,748.14,6733.26,5554.17,1179.09
1899,2025-02-06,Monitor,Electronics,South,Usman,8,254.64,2037.12,1414.94,622.18
1900,2025-04-28,Phone,Electronics,West,Ayesha,6,472.78,2836.68,2044.79,791.89
1901,2025-07-12,Monitor,Electronics,West,Sara,2,248.55,497.1,359.44,137.66
1902,2025-04-21,Headphones,Accessories,West,Ayesha,8,74.85,598.8,355.45,243.35
1903,2025-11-20,Mouse,Accessories,North,Bilal,5,23.51,117.55,57.76,59.79
1904,2025-03-11,Phone,Electronics,East,Ayesha,8,495.86,3966.88,2707.94,1258.94
1905,2025-06-01,Headphones,Accessories,South,Ayesha,3,84.63,253.89,136.86,117.03
1906,2025-02-14,Printer,Office,West,Hassan,9,179.61,1616.49,1227.99,388.5
1907,2025-05-23,Laptop,Electronics,East,Fatima,7,837.79,5864.53,4093.59,1770.94
1908,2025-10-24,Monitor,Electronics,North,Fatima,10,272.31,2723.1,1874.48,848.62
1909,2025-01-23,Laptop,Electronics,West,Fatima,8,837.36,6698.88,4802.02,1896.86
1910,2025-09-03,Phone,Electronics,North,Fatima,8,499.53,3996.24,2683.27,1312.97
1911,2025-04-22,Tablet,Electronics,North,Ali,6,287.75,1726.5,1339.49,387.01
1912,2025-09-03,Keyboard,Accessories,North,Hassan,3,41.63,124.89,62.15,62.74
1913,2025-08-26,Tablet,Electronics,West,Ali,7,281.1,1967.7,1597.22,370.48
1914,2025-11-18,Phone,Electronics,North,Bilal,7,539.34,3775.38,2409.06,1366.32
1915,2025-08-07,Keyboard,Accessories,North,Usman,10,40.34,403.4,205.89,197.51
1916,2025-01-29,Desk,Furniture,East,Hassan,6,237.07,1422.42,864.99,557.43
1917,2025-11-13,Laptop,Electronics,North,Ayesha,6,778.63,4671.78,3653.34,1018.44
1918,2025-03-12,Mouse,Accessories,South,Ayesha,4,25.2,100.8,48.72,52.08
1919,2025-06-14,Mouse,Accessories,North,Ahmed,5,25.02,125.1,59.54,65.56
1920,2025-07-10,Mouse,Accessories,North,Hassan,8,24.93,199.44,96.26,103.18
1921,2025-12-30,Desk,Furniture,East,Ahmed,9,237.58,2138.22,1343.52,794.7
1922,2025-04-07,Chair,Furniture,East,Ahmed,2,137.41,274.82,207.96,66.86
1923,2025-02-25,Tablet,Electronics,South,Ayesha,5,276.72,1383.6,1061.27,322.33
1924,2025-09-24,Laptop,Electronics,South,Hassan,5,786.65,3933.25,3054.72,878.53
1925,2025-06-27,Printer,Office,South,Ahmed,8,188.56,1508.48,990.23,518.25
1926,2025-01-12,Monitor,Electronics,East,Usman,9,257.23,2315.07,1605.69,709.38
1927,2025-09-06,Headphones,Accessories,East,Sara,9,85.47,769.23,402.78,366.45
1928,2025-06-06,Tablet,Electronics,East,Ali,5,283.61,1418.05,1085.91,332.14
1929,2025-03-17,Mouse,Accessories,South,Bilal,5,24.78,123.9,58,65.9
1930,2025-04-04,Tablet,Electronics,East,Sara,3,279.68,839.04,634.72,204.32
1931,2025-08-14,Keyboard,Accessories,North,Usman,6,37.48,224.88,120.75,104.13
1932,2025-06-26,Tablet,Electronics,East,Ahmed,6,296.91,1781.46,1382.76,398.7
1933,2025-01-13,Printer,Office,East,Sara,8,189.67,1517.36,1086.57,430.79
1934,2025-01-03,Desk,Furniture,West,Bilal,9,212.58,1913.22,1377.74,535.48
1935,2025-10-21,Tablet,Electronics,East,Ahmed,10,313.71,3137.1,2292.9,844.2
1936,2025-09-03,Laptop,Electronics,North,Fatima,3,828.48,2485.44,1731.04,754.4
1937,2025-11-13,Monitor,Electronics,South,Ayesha,8,242.87,1942.96,1415,527.96
1938,2025-05-23,Monitor,Electronics,North,Fatima,1,229.18,229.18,186.29,42.89
1939,2025-04-10,Chair,Furniture,North,Usman,6,153.1,918.6,600.69,317.91
1940,2025-07-23,Tablet,Electronics,East,Usman,7,292.18,2045.26,1520.42,524.84
1941,2025-06-29,Keyboard,Accessories,West,Fatima,8,42.99,343.92,153.4,190.52
1942,2025-08-15,Keyboard,Accessories,West,Fatima,3,42.45,127.35,62.82,64.53
1943,2025-03-13,Headphones,Accessories,West,Usman,10,73.38,733.8,436.85,296.95
1944,2025-02-03,Headphones,Accessories,East,Fatima,7,73.42,513.94,312.15,201.79
1945,2025-03-31,Desk,Furniture,South,Ayesha,8,229.25,1834,1230.63,603.37
1946,2025-04-06,Printer,Office,East,Bilal,5,181.94,909.7,620.25,289.45
1947,2025-09-10,Desk,Furniture,South,Bilal,8,207.88,1663.04,1234.95,428.09
1948,2025-06-03,Chair,Furniture,West,Sara,2,154.61,309.22,207.85,101.37
1949,2025-09-09,Monitor,Electronics,North,Usman,1,230.97,230.97,175.99,54.98
1950,2025-10-25,Chair,Furniture,West,Ahmed,10,148.08,1480.8,975.79,505.01
1951,2025-07-11,Desk,Furniture,North,Sara,10,198.77,1987.7,1463.93,523.77
1952,2025-06-13,Chair,Furniture,East,Fatima,3,145.72,437.16,286.59,150.57
1953,2025-11-22,Mouse,Accessories,North,Ayesha,1,23.95,23.95,12.04,11.91
1954,2025-11-18,Tablet,Electronics,East,Usman,2,305.93,611.86,425.35,186.51
1955,2025-12-17,Keyboard,Accessories,North,Usman,5,41.48,207.4,101.88,105.52
1956,2025-03-15,Laptop,Electronics,West,Fatima,3,802.91,2408.73,1777.14,631.59
1957,2025-06-24,Tablet,Electronics,South,Ahmed,2,283.07,566.14,440.15,125.99
1958,2025-08-02,Chair,Furniture,North,Hassan,2,138.5,277,192.62,84.38
1959,2025-06-28,Keyboard,Accessories,East,Sara,6,37.11,222.66,119.3,103.36
1960,2025-12-30,Keyboard,Accessories,South,Sara,1,41.96,41.96,19.24,22.72
1961,2025-12-19,Monitor,Electronics,North,Fatima,5,231.27,1156.35,866.72,289.63
1962,2025-12-20,Phone,Electronics,West,Ali,2,451.88,903.76,698.9,204.86
1963,2025-04-11,Phone,Electronics,North,Hassan,1,529.31,529.31,350.47,178.84
1964,2025-03-02,Keyboard,Accessories,North,Ahmed,1,36.53,36.53,20.34,16.19
1965,2025-11-05,Monitor,Electronics,East,Ali,10,270.06,2700.6,1743.26,957.34
1966,2025-02-16,Tablet,Electronics,South,Ayesha,5,326.93,1634.65,1083.26,551.39
1967,2025-09-16,Headphones,Accessories,North,Ayesha,2,73.59,147.18,90.7,56.48
1968,2025-04-09,Keyboard,Accessories,North,Ayesha,3,43.21,129.63,60.22,69.41
1969,2025-09-16,Chair,Furniture,North,Sara,6,155.94,935.64,581.11,354.53
1970,2025-07-01,Printer,Office,North,Usman,7,169.71,1187.97,885.21,302.76
1971,2025-03-05,Chair,Furniture,East,Bilal,2,150.59,301.18,199.92,101.26
1972,2025-10-13,Laptop,Electronics,East,Hassan,2,772.5,1545,1153.89,391.11
1973,2025-11-04,Keyboard,Accessories,West,Ayesha,8,37.81,302.48,158.52,143.96
1974,2025-02-05,Chair,Furniture,West,Ahmed,6,140.38,842.28,629.92,212.36
1975,2025-07-22,Chair,Furniture,South,Fatima,9,154.76,1392.84,862.65,530.19
1976,2025-07-25,Headphones,Accessories,South,Ahmed,2,83.86,167.72,93.53,74.19
1977,2025-07-06,Monitor,Electronics,West,Ahmed,6,235.01,1410.06,1117.16,292.9
1978,2025-04-30,Printer,Office,East,Fatima,8,172.03,1376.24,1062.2,314.04
1979,2025-07-02,Chair,Furniture,East,Sara,10,163.5,1635,1048.75,586.25
1980,2025-08-21,Phone,Electronics,South,Ali,2,475.07,950.14,699.81,250.33
1981,2025-02-20,Laptop,Electronics,South,Fatima,2,799.7,1599.4,1143.21,456.19
1982,2025-11-06,Mouse,Accessories,North,Hassan,3,24.01,72.03,36.44,35.59
1983,2025-08-27,Monitor,Electronics,East,Usman,5,258.1,1290.5,899.12,391.38
1984,2025-10-04,Desk,Furniture,West,Ahmed,1,239.91,239.91,142.97,96.94
1985,2025-07-16,Chair,Furniture,North,Ali,6,160.59,963.54,596.55,366.99
1986,2025-04-01,Desk,Furniture,West,Sara,5,236.93,1184.65,724.81,459.84
1987,2025-06-09,Printer,Office,West,Hassan,8,189.5,1516,1047.16,468.84
1988,2025-09-01,Desk,Furniture,West,Fatima,3,220.29,660.87,445.11,215.76
1989,2025-11-12,Mouse,Accessories,North,Sara,5,24.1,120.5,57.17,63.33
1990,2025-07-07,Mouse,Accessories,East,Fatima,10,22.63,226.3,124.7,101.6
1991,2025-02-19,Printer,Office,North,Ayesha,6,197.71,1186.26,773.13,413.13
1992,2025-05-07,Monitor,Electronics,North,Bilal,5,254.63,1273.15,936.94,336.21
1993,2025-02-28,Mouse,Accessories,West,Fatima,3,22.6,67.8,35.37,32.43
1994,2025-10-18,Desk,Furniture,North,Usman,7,209.73,1468.11,1070.58,397.53
1995,2025-07-13,Headphones,Accessories,West,Ahmed,7,77.16,540.12,302.33,237.79
1996,2025-12-20,Monitor,Electronics,East,Sara,6,249.84,1499.04,1113.64,385.4
1997,2025-11-11,Keyboard,Accessories,North,Ayesha,6,43.76,262.56,116.42,146.14
1998,2025-05-28,Keyboard,Accessories,South,Ahmed,1,38.38,38.38,20.15,18.23
1999,2025-10-24,Phone,Electronics,West,Fatima,10,483.68,4836.8,3348.54,1488.26
2000,2025-04-18,Mouse,Accessories,East,Fatima,2,25.76,51.52,23.52,28
2001,2025-12-06,Desk,Furniture,West,Sara,6,206.8,1240.8,891.21,349.59
2002,2025-01-10,Desk,Furniture,West,Bilal,3,223.38,670.14,437.08,233.06
2003,2025-11-23,Desk,Furniture,North,Ayesha,10,235.52,2355.2,1561.03,794.17
2004,2025-07-06,Chair,Furniture,East,Fatima,3,142.21,426.63,307.39,119.24
2005,2025-07-30,Mouse,Accessories,East,Bilal,2,25.67,51.34,24.83,26.51
2006,2025-11-27,Tablet,Electronics,South,Ahmed,5,311.21,1556.05,1070.97,485.08
2007,2025-03-18,Monitor,Electronics,West,Hassan,1,237.28,237.28,185.89,51.39
2008,2025-10-14,Printer,Office,South,Bilal,7,185.29,1297.03,867.87,429.16
2009,2025-03-11,Laptop,Electronics,South,Ali,5,846.35,4231.75,2933.33,1298.42
2010,2025-09-06,Laptop,Electronics,East,Ahmed,1,857.53,857.53,575.04,282.49
2011,2025-07-28,Mouse,Accessories,South,Ayesha,2,24.48,48.96,24.82,24.14
2012,2025-02-27,Headphones,Accessories,East,Hassan,9,86.93,782.37,405.89,376.48
2013,2025-02-16,Monitor,Electronics,East,Fatima,10,231.11,2311.1,1855.2,455.9
2014,2025-05-01,Printer,Office,East,Hassan,4,167.19,668.76,503.11,165.65
2015,2025-07-29,Keyboard,Accessories,North,Usman,10,36.45,364.5,200.67,163.83
2016,2025-10-07,Printer,Office,South,Usman,8,186.58,1492.64,1088.18,404.46
2017,2025-09-01,Mouse,Accessories,North,Ali,5,22.61,113.05,62.8,50.25
2018,2025-12-20,Monitor,Electronics,East,Ahmed,5,252.64,1263.2,882.83,380.37
2019,2025-10-01,Monitor,Electronics,West,Bilal,8,244.42,1955.36,1499.01,456.35
2020,2025-06-04,Phone,Electronics,South,Hassan,4,479.74,1918.96,1450.32,468.64
2021,2025-11-20,Mouse,Accessories,North,Hassan,7,26.45,185.15,82.1,103.05
2022,2025-08-30,Printer,Office,North,Sara,6,187.83,1126.98,809.39,317.59
2023,2025-12-24,Keyboard,Accessories,East,Hassan,9,36.53,328.77,178.58,150.19
2024,2025-12-22,Laptop,Electronics,West,Sara,1,822.62,822.62,581.02,241.6
2025,2025-01-02,Printer,Office,North,Ahmed,4,184.62,738.48,510.31,228.17
2026,2025-03-22,Monitor,Electronics,South,Fatima,9,260.68,2346.12,1663.35,682.77
2027,2025-06-13,Chair,Furniture,South,Usman,8,161.21,1289.68,770.68,519
2028,2025-05-25,Monitor,Electronics,West,Ayesha,2,245.72,491.44,348.55,142.89
2029,2025-01-11,Laptop,Electronics,North,Hassan,9,823.54,7411.86,5468.38,1943.48
2030,2025-04-12,Keyboard,Accessories,East,Sara,3,36.4,109.2,60.71,48.49
2031,2025-02-15,Mouse,Accessories,West,Hassan,3,27.24,81.72,34.62,47.1
2032,2025-12-11,Chair,Furniture,East,Bilal,2,141.73,283.46,194.06,89.4
2033,2025-09-11,Printer,Office,South,Bilal,3,177.53,532.59,378.56,154.03
2034,2025-12-13,Monitor,Electronics,North,Bilal,7,234.02,1638.14,1296.85,341.29
2035,2025-05-15,Monitor,Electronics,West,Ahmed,10,247.55,2475.5,1754.7,720.8
2036,2025-01-06,Chair,Furniture,West,Ayesha,3,161.14,483.42,314.23,169.19
2037,2025-07-16,Printer,Office,North,Ali,10,171.22,1712.2,1247.39,464.81
2038,2025-06-20,Monitor,Electronics,North,Ali,8,270.41,2163.28,1511.53,651.75
2039,2025-05-10,Desk,Furniture,East,Sara,10,214.76,2147.6,1571.63,575.97
2040,2025-10-14,Laptop,Electronics,West,Usman,10,748.7,7487,5801.92,1685.08
2041,2025-08-28,Tablet,Electronics,South,Bilal,2,289.04,578.08,441.34,136.74
2042,2025-03-01,Mouse,Accessories,East,Usman,1,27.39,27.39,12,15.39
2043,2025-08-09,Keyboard,Accessories,East,Usman,5,40.9,204.5,102.62,101.88
2044,2025-08-12,Tablet,Electronics,South,Hassan,6,314.21,1885.26,1318.85,566.41
2045,2025-01-28,Monitor,Electronics,West,Bilal,3,227.73,683.19,522.89,160.3
2046,2025-03-25,Chair,Furniture,West,Ali,7,138.48,969.36,727.66,241.7
2047,2025-08-15,Mouse,Accessories,South,Ahmed,9,24.93,224.37,107.92,116.45
2048,2025-06-28,Phone,Electronics,South,Bilal,4,536.82,2147.28,1355.29,791.99
2049,2025-10-16,Headphones,Accessories,South,Fatima,4,81.34,325.36,188.49,136.87
2050,2025-02-09,Monitor,Electronics,North,Bilal,8,258.85,2070.8,1495.78,575.02
2051,2025-12-15,Phone,Electronics,North,Usman,7,487.36,3411.52,2555.14,856.38
2052,2025-03-20,Laptop,Electronics,West,Hassan,2,793.64,1587.28,1224.92,362.36
2053,2025-11-18,Keyboard,Accessories,North,Hassan,10,41.26,412.6,196.59,216.01
2054,2025-06-16,Headphones,Accessories,East,Usman,3,75.38,226.14,128.91,97.23
2055,2025-01-29,Phone,Electronics,West,Bilal,9,545.19,4906.71,3112.64,1794.07
2056,2025-04-02,Monitor,Electronics,South,Fatima,7,229.46,1606.22,1304.4,301.82
2057,2025-07-26,Keyboard,Accessories,West,Bilal,3,36.96,110.88,59.95,50.93
2058,2025-12-17,Headphones,Accessories,East,Ayesha,3,77.74,233.22,129.55,103.67
2059,2025-09-08,Chair,Furniture,West,Ahmed,7,149.29,1045.03,704.41,340.62
2060,2025-08-05,Mouse,Accessories,North,Ali,10,23.43,234.3,121.57,112.73
2061,2025-09-20,Mouse,Accessories,South,Hassan,8,25.88,207.04,97.42,109.62
2062,2025-09-27,Desk,Furniture,West,Bilal,2,210.79,421.58,298.12,123.46
2063,2025-03-18,Tablet,Electronics,East,Ali,5,320.49,1602.45,1102.54,499.91
2064,2025-10-10,Phone,Electronics,West,Ahmed,1,501.34,501.34,350.37,150.97
2065,2025-08-26,Headphones,Accessories,North,Ahmed,5,77.69,388.45,226.93,161.52
2066,2025-12-05,Chair,Furniture,North,Ahmed,3,158.59,475.77,310.29,165.48
2067,2025-08-02,Keyboard,Accessories,West,Bilal,6,40.7,244.2,119.46,124.74
2068,2025-06-24,Tablet,Electronics,East,Ahmed,4,281.11,1124.44,901.74,222.7
2069,2025-08-11,Desk,Furniture,South,Hassan,1,198.26,198.26,144.25,54.01
2070,2025-08-24,Printer,Office,East,Fatima,10,188.13,1881.3,1274.36,606.94
2071,2025-06-04,Phone,Electronics,North,Ayesha,3,463.51,1390.53,1017.53,373
2072,2025-01-14,Monitor,Electronics,West,Ayesha,8,257.43,2059.44,1461.56,597.88
2073,2025-02-14,Keyboard,Accessories,North,Sara,8,37.19,297.52,158.75,138.77
2074,2025-03-20,Chair,Furniture,South,Ayesha,8,149.14,1193.12,828.78,364.34
2075,2025-05-31,Headphones,Accessories,West,Fatima,7,72.81,509.67,299.5,210.17
2076,2025-09-11,Headphones,Accessories,North,Hassan,10,83.7,837,472.46,364.54
2077,2025-07-24,Chair,Furniture,West,Ayesha,9,152.73,1374.57,910.03,464.54
2078,2025-02-01,Desk,Furniture,North,Bilal,1,216.57,216.57,147.24,69.33
2079,2025-11-28,Printer,Office,East,Hassan,8,166.21,1329.68,1052.76,276.92
2080,2025-12-24,Printer,Office,West,Usman,1,167.81,167.81,132.94,34.87
2081,2025-08-13,Monitor,Electronics,East,Hassan,9,235.99,2123.91,1686.27,437.64
2082,2025-03-09,Keyboard,Accessories,East,Hassan,7,43.68,305.76,144.66,161.1
2083,2025-03-24,Headphones,Accessories,West,Sara,4,76.52,306.08,184.49,121.59
2084,2025-03-30,Monitor,Electronics,West,Hassan,3,255.29,765.87,518.45,247.42
2085,2025-06-05,Monitor,Electronics,East,Bilal,4,252.84,1011.36,755.95,255.41
2086,2025-07-02,Tablet,Electronics,North,Ahmed,3,319.68,959.04,686.03,273.01
2087,2025-06-22,Printer,Office,South,Hassan,2,184.23,368.46,250.14,118.32
2088,2025-05-13,Mouse,Accessories,East,Sara,6,26.35,158.1,73.94,84.16
2089,2025-12-20,Desk,Furniture,West,Hassan,10,227.46,2274.6,1530.96,743.64
2090,2025-02-26,Phone,Electronics,North,Ali,10,510.97,5109.7,3625.44,1484.26
2091,2025-09-17,Phone,Electronics,East,Sara,3,512.99,1538.97,1088.94,450.03
2092,2025-05-30,Chair,Furniture,South,Usman,9,149.95,1349.55,933.34,416.21
2093,2025-06-21,Tablet,Electronics,West,Ali,2,320.92,641.84,437.32,204.52
2094,2025-05-06,Chair,Furniture,East,Usman,6,143.6,861.6,580.28,281.32
2095,2025-08-01,Mouse,Accessories,West,Ayesha,4,23.26,93.04,49.22,43.82
2096,2025-03-12,Printer,Office,East,Ali,7,195.05,1365.35,946.22,419.13
2097,2025-08-15,Tablet,Electronics,North,Ahmed,1,313.06,313.06,220.38,92.68
2098,2025-06-23,Mouse,Accessories,North,Fatima,7,27.41,191.87,81.18,110.69
2099,2025-01-19,Tablet,Electronics,East,Fatima,10,273.47,2734.7,2228.95,505.75
2100,2025-07-25,Desk,Furniture,East,Ali,5,229.75,1148.75,736.03,412.72
2101,2025-05-24,Desk,Furniture,West,Ayesha,10,238.5,2385,1530.04,854.96
2102,2025-10-06,Headphones,Accessories,West,Ayesha,10,82.43,824.3,458.89,365.41
2103,2025-06-04,Phone,Electronics,South,Bilal,1,503.74,503.74,346.15,157.59
2104,2025-04-20,Phone,Electronics,South,Ali,9,505.18,4546.62,3156.72,1389.9
2105,2025-01-15,Desk,Furniture,East,Fatima,10,209.38,2093.8,1549.83,543.97
2106,2025-09-16,Phone,Electronics,East,Ahmed,1,534.16,534.16,341.59,192.57
2107,2025-01-25,Phone,Electronics,West,Usman,8,479.8,3838.4,2866.32,972.08
2108,2025-05-01,Headphones,Accessories,South,Usman,10,83.43,834.3,469.69,364.61
2109,2025-06-03,Keyboard,Accessories,South,Ahmed,10,41.38,413.8,204.29,209.51
2110,2025-06-17,Desk,Furniture,West,Ahmed,10,206.47,2064.7,1541.78,522.92
2111,2025-03-17,Printer,Office,South,Hassan,7,164.95,1154.65,870.16,284.49
2112,2025-04-20,Chair,Furniture,West,Bilal,2,146.08,292.16,200.53,91.63
2113,2025-10-27,Chair,Furniture,West,Fatima,7,164.9,1154.3,713.23,441.07
2114,2025-03-25,Tablet,Electronics,South,Ahmed,9,277.63,2498.67,2021.81,476.86
2115,2025-12-22,Monitor,Electronics,East,Ahmed,8,248.67,1989.36,1475.5,513.86
2116,2025-11-05,Printer,Office,North,Sara,2,166.35,332.7,261.87,70.83
2117,2025-03-02,Mouse,Accessories,West,Ali,5,27.46,137.3,58.82,78.48
2118,2025-03-15,Tablet,Electronics,East,Bilal,10,295.31,2953.1,2296.1,657
2119,2025-04-21,Tablet,Electronics,North,Ali,8,270.13,2161.04,1768.37,392.67
2120,2025-08-02,Chair,Furniture,East,Fatima,10,144.29,1442.9,995.24,447.66
2121,2025-09-01,Headphones,Accessories,West,Hassan,3,84.19,252.57,135.06,117.51
2122,2025-12-08,Chair,Furniture,West,Fatima,3,160.99,482.97,294.76,188.21
2123,2025-04-30,Printer,Office,West,Bilal,6,181.48,1088.88,815.73,273.15
2124,2025-11-27,Phone,Electronics,East,Ahmed,3,520.72,1562.16,1057.56,504.6
2125,2025-11-26,Desk,Furniture,North,Ayesha,2,206.47,412.94,303.56,109.38
2126,2025-09-01,Desk,Furniture,South,Ali,1,203.29,203.29,156.54,46.75
2127,2025-05-21,Monitor,Electronics,West,Ahmed,4,266.48,1065.92,744.4,321.52
2128,2025-10-01,Headphones,Accessories,North,Usman,6,78.43,470.58,257.71,212.87
2129,2025-08-12,Tablet,Electronics,West,Bilal,7,271.44,1900.08,1544.3,355.78
2130,2025-02-16,Phone,Electronics,South,Bilal,2,504.18,1008.36,684.97,323.39
2131,2025-02-15,Tablet,Electronics,North,Usman,5,327.13,1635.65,1119.65,516
2132,2025-04-03,Laptop,Electronics,South,Fatima,1,767.68,767.68,575.92,191.76
2133,2025-06-15,Keyboard,Accessories,North,Ayesha,7,43.53,304.71,145.59,159.12
2134,2025-05-03,Headphones,Accessories,West,Ahmed,10,75.78,757.8,450.39,307.41
2135,2025-05-18,Laptop,Electronics,West,Ali,6,794.37,4766.22,3566.55,1199.67
2136,2025-07-28,Monitor,Electronics,North,Ayesha,1,238.46,238.46,188.34,50.12
2137,2025-10-12,Tablet,Electronics,South,Sara,5,304.09,1520.45,1094.06,426.39
2138,2025-07-11,Desk,Furniture,West,Hassan,3,232.41,697.23,451.69,245.54
2139,2025-01-22,Laptop,Electronics,South,Ali,8,873.78,6990.24,4857.95,2132.29
2140,2025-01-31,Chair,Furniture,West,Usman,5,152.94,764.7,516.97,247.73
2141,2025-11-20,Monitor,Electronics,South,Ahmed,10,267.03,2670.3,1760.64,909.66
2142,2025-06-03,Phone,Electronics,East,Fatima,7,519.84,3638.88,2530.97,1107.91
2143,2025-04-18,Headphones,Accessories,East,Bilal,9,87.32,785.88,397.64,388.24
2144,2025-12-29,Chair,Furniture,East,Ayesha,5,142.38,711.9,524.15,187.75
2145,2025-08-24,Headphones,Accessories,North,Hassan,6,72.25,433.5,275.18,158.32
2146,2025-01-03,Laptop,Electronics,West,Fatima,3,786.11,2358.33,1871.15,487.18
2147,2025-10-03,Phone,Electronics,West,Ahmed,2,503.86,1007.72,727.48,280.24
2148,2025-06-30,Printer,Office,North,Ahmed,10,174.89,1748.9,1258.03,490.87
2149,2025-08-25,Mouse,Accessories,North,Bilal,4,24.72,98.88,46.66,52.22
2150,2025-12-15,Mouse,Accessories,East,Ayesha,4,22.95,91.8,48.54,43.26
2151,2025-04-30,Chair,Furniture,South,Ali,6,136.1,816.6,599.57,217.03
2152,2025-04-11,Printer,Office,West,Sara,2,193.32,386.64,261.8,124.84
2153,2025-10-10,Monitor,Electronics,South,Ahmed,10,258.61,2586.1,1818.54,767.56
2154,2025-10-29,Tablet,Electronics,South,Bilal,2,277.65,555.3,459.08,96.22
2155,2025-04-09,Laptop,Electronics,West,Ali,9,818.31,7364.79,5497.57,1867.22
2156,2025-08-07,Laptop,Electronics,East,Ahmed,6,789.21,4735.26,3778.24,957.02
2157,2025-12-15,Desk,Furniture,North,Ayesha,8,219.81,1758.48,1202.07,556.41
2158,2025-01-25,Keyboard,Accessories,West,Ayesha,7,40.26,281.82,137.43,144.39
2159,2025-06-21,Phone,Electronics,South,Fatima,10,530.77,5307.7,3671.59,1636.11
2160,2025-02-08,Monitor,Electronics,North,Ali,4,233.22,932.88,706.38,226.5
2161,2025-09-03,Printer,Office,East,Bilal,1,183.33,183.33,131.64,51.69
2162,2025-05-07,Phone,Electronics,North,Usman,8,473.84,3790.72,2755.42,1035.3
2163,2025-09-24,Monitor,Electronics,North,Hassan,2,263.79,527.58,364.3,163.28
2164,2025-10-24,Phone,Electronics,West,Usman,2,547.45,1094.9,729.17,365.73
2165,2025-12-22,Phone,Electronics,North,Bilal,3,456.2,1368.6,1081.75,286.85
2166,2025-11-09,Printer,Office,North,Bilal,2,165.67,331.34,248.45,82.89
2167,2025-07-15,Printer,Office,North,Hassan,2,184.22,368.44,257.69,110.75
2168,2025-07-16,Chair,Furniture,East,Ali,7,161.4,1129.8,708.35,421.45
2169,2025-08-21,Desk,Furniture,North,Ahmed,6,223.86,1343.16,864.72,478.44
2170,2025-10-31,Monitor,Electronics,East,Fatima,10,231.3,2313,1801.6,511.4
2171,2025-09-04,Headphones,Accessories,North,Ali,8,74.97,599.76,346.96,252.8
2172,2025-03-07,Keyboard,Accessories,East,Bilal,10,39.49,394.9,209.19,185.71
2173,2025-10-26,Desk,Furniture,East,Bilal,3,204.49,613.47,441.39,172.08
2174,2025-07-08,Laptop,Electronics,North,Ayesha,9,813.83,7324.47,5496.28,1828.19
2175,2025-09-17,Desk,Furniture,South,Ayesha,1,216.57,216.57,145.43,71.14
2176,2025-02-05,Mouse,Accessories,West,Usman,4,25.84,103.36,48.93,54.43
2177,2025-10-24,Headphones,Accessories,South,Ahmed,6,81.86,491.16,267.8,223.36
2178,2025-08-21,Laptop,Electronics,South,Ayesha,8,755.1,6040.8,4561.77,1479.03
2179,2025-08-27,Headphones,Accessories,East,Fatima,4,75.82,303.28,184.22,119.06
2180,2025-04-16,Printer,Office,North,Ahmed,3,191.74,575.22,370.76,204.46
2181,2025-07-03,Laptop,Electronics,South,Usman,9,738.43,6645.87,5286.91,1358.96
2182,2025-01-23,Laptop,Electronics,East,Sara,4,751.65,3006.6,2321.8,684.8
2183,2025-06-23,Desk,Furniture,East,Ahmed,4,205.86,823.44,571.29,252.15
2184,2025-01-11,Tablet,Electronics,East,Ayesha,7,309.29,2165.03,1599.29,565.74
2185,2025-06-06,Chair,Furniture,South,Fatima,4,146.09,584.36,394.89,189.47
2186,2025-12-31,Phone,Electronics,South,Ayesha,2,464.44,928.88,729.69,199.19
2187,2025-09-30,Printer,Office,South,Ali,6,173.45,1040.7,774.5,266.2
2188,2025-11-12,Headphones,Accessories,South,Usman,4,85.67,342.68,176.3,166.38
2189,2025-05-07,Laptop,Electronics,West,Ayesha,5,859.66,4298.3,3105.45,1192.85
2190,2025-02-11,Chair,Furniture,East,Hassan,10,136.95,1369.5,1000.86,368.64
2191,2025-09-23,Chair,Furniture,West,Hassan,3,144.65,433.95,296.22,137.73
2192,2025-08-31,Keyboard,Accessories,North,Ayesha,10,39.21,392.1,208.42,183.68
2193,2025-04-23,Monitor,Electronics,East,Fatima,8,268.16,2145.28,1425.01,720.27
2194,2025-07-13,Headphones,Accessories,North,Sara,3,86.97,260.91,133.3,127.61
2195,2025-02-13,Keyboard,Accessories,North,Hassan,8,40.15,321.2,155.68,165.52
2196,2025-09-20,Headphones,Accessories,West,Usman,6,78.82,472.92,269.12,203.8
2197,2025-09-12,Mouse,Accessories,South,Bilal,5,24.41,122.05,58.08,63.97
2198,2025-11-27,Phone,Electronics,North,Bilal,6,540.15,3240.9,2056.85,1184.05
2199,2025-04-27,Phone,Electronics,South,Usman,2,457.13,914.26,667.68,246.58
2200,2025-04-11,Mouse,Accessories,East,Ayesha,5,24.01,120.05,61.89,58.16
